Radio Site_Sector_Date_Hour,Hour,Date,Date_Time,Sector_PDSCH_PRB_DL_Util,Sector_PUSCH_PRB_UL_Util,Sector_VoLTE_Traffic_Erl,Sector_Avg_RRC_connected_users,Capacity_On_Off
90851_3_44388_ 00:00, 00:00,11-Jul,11/7/2021 0:00,18.12,3.45,0.32,22,On
90851_3_44388_ 00:00, 00:00,11-Jul,11/7/2021 0:00,18.12,3.45,0.32,22,On
90851_3_44388_ 00:00, 00:00,11-Jul,11/7/2021 0:00,18.12,3.45,0.32,22,Off
90851_3_44388_ 00:00, 00:00,11-Jul,11/7/2021 0:00,18.12,3.45,0.32,22,Off
90851_3_44388_ 00:00, 00:00,11-Jul,11/7/2021 0:00,18.12,3.45,0.32,22,Off
90851_3_44388_ 01:00, 01:00,11-Jul,11/7/2021 1:00,9.46,2.07,0.09,11.5,On
90851_3_44388_ 01:00, 01:00,11-Jul,11/7/2021 1:00,9.46,2.07,0.09,11.5,On
90851_3_44388_ 01:00, 01:00,11-Jul,11/7/2021 1:00,9.46,2.07,0.09,11.5,Off
90851_3_44388_ 01:00, 01:00,11-Jul,11/7/2021 1:00,9.46,2.07,0.09,11.5,Off
90851_3_44388_ 02:00, 02:00,11-Jul,11/7/2021 2:00,5.29,1.04,0.03,8,On
90851_3_44388_ 02:00, 02:00,11-Jul,11/7/2021 2:00,5.29,1.04,0.03,8,On
90851_3_44388_ 02:00, 02:00,11-Jul,11/7/2021 2:00,5.29,1.04,0.03,8,Off
90851_3_44388_ 02:00, 02:00,11-Jul,11/7/2021 2:00,5.29,1.04,0.03,8,Off
90851_3_44388_ 03:00, 03:00,11-Jul,11/7/2021 3:00,1.84,1.16,0.02,7,On
90851_3_44388_ 03:00, 03:00,11-Jul,11/7/2021 3:00,1.84,1.16,0.02,7,On
90851_3_44388_ 03:00, 03:00,11-Jul,11/7/2021 3:00,1.84,1.16,0.02,7,Off
90851_3_44388_ 03:00, 03:00,11-Jul,11/7/2021 3:00,1.84,1.16,0.02,7,Off
90851_3_44388_ 04:00, 04:00,11-Jul,11/7/2021 4:00,1.67,0.86,0.05,6,On
90851_3_44388_ 04:00, 04:00,11-Jul,11/7/2021 4:00,1.67,0.86,0.05,6,On
90851_3_44388_ 04:00, 04:00,11-Jul,11/7/2021 4:00,1.67,0.86,0.05,6,Off
90851_3_44388_ 04:00, 04:00,11-Jul,11/7/2021 4:00,1.67,0.86,0.05,6,Off
90851_3_44388_ 05:00, 05:00,11-Jul,11/7/2021 5:00,1.94,8.34,0.1,6.25,On
90851_3_44388_ 05:00, 05:00,11-Jul,11/7/2021 5:00,1.94,8.34,0.1,6.25,On
90851_3_44388_ 05:00, 05:00,11-Jul,11/7/2021 5:00,1.94,8.34,0.1,6.25,Off
90851_3_44388_ 05:00, 05:00,11-Jul,11/7/2021 5:00,1.94,8.34,0.1,6.25,Off
90851_3_44388_ 06:00, 06:00,11-Jul,11/7/2021 6:00,2.46,2.25,0.68,12,On
90851_3_44388_ 06:00, 06:00,11-Jul,11/7/2021 6:00,2.46,2.25,0.68,12,On
90851_3_44388_ 06:00, 06:00,11-Jul,11/7/2021 6:00,2.46,2.25,0.68,12,Off
90851_3_44388_ 06:00, 06:00,11-Jul,11/7/2021 6:00,2.46,2.25,0.68,12,Off
90851_3_44388_ 06:00, 06:00,11-Jul,11/7/2021 6:00,2.46,2.25,0.68,12,Off
90851_3_44388_ 07:00, 07:00,11-Jul,11/7/2021 7:00,6.74,2.24,2.4,21.5,On
90851_3_44388_ 07:00, 07:00,11-Jul,11/7/2021 7:00,6.74,2.24,2.4,21.5,On
90851_3_44388_ 07:00, 07:00,11-Jul,11/7/2021 7:00,6.74,2.24,2.4,21.5,Off
90851_3_44388_ 07:00, 07:00,11-Jul,11/7/2021 7:00,6.74,2.24,2.4,21.5,Off
90851_3_44388_ 07:00, 07:00,11-Jul,11/7/2021 7:00,6.74,2.24,2.4,21.5,Off
90851_3_44388_ 08:00, 08:00,11-Jul,11/7/2021 8:00,9.25,4.37,2.98,26.75,On
90851_3_44388_ 08:00, 08:00,11-Jul,11/7/2021 8:00,9.25,4.37,2.98,26.75,On
90851_3_44388_ 08:00, 08:00,11-Jul,11/7/2021 8:00,9.25,4.37,2.98,26.75,Off
90851_3_44388_ 08:00, 08:00,11-Jul,11/7/2021 8:00,9.25,4.37,2.98,26.75,Off
90851_3_44388_ 08:00, 08:00,11-Jul,11/7/2021 8:00,9.25,4.37,2.98,26.75,Off
90851_3_44388_ 09:00, 09:00,11-Jul,11/7/2021 9:00,15.77,5.33,4.59,33.25,On
90851_3_44388_ 09:00, 09:00,11-Jul,11/7/2021 9:00,15.77,5.33,4.59,33.25,On
90851_3_44388_ 09:00, 09:00,11-Jul,11/7/2021 9:00,15.77,5.33,4.59,33.25,Off
90851_3_44388_ 09:00, 09:00,11-Jul,11/7/2021 9:00,15.77,5.33,4.59,33.25,On
90851_3_44388_ 09:00, 09:00,11-Jul,11/7/2021 9:00,15.77,5.33,4.59,33.25,Off
90851_3_44388_ 10:00, 10:00,11-Jul,11/7/2021 10:00,19.74,8.72,7.65,41.5,On
90851_3_44388_ 10:00, 10:00,11-Jul,11/7/2021 10:00,19.74,8.72,7.65,41.5,On
90851_3_44388_ 10:00, 10:00,11-Jul,11/7/2021 10:00,19.74,8.72,7.65,41.5,Off
90851_3_44388_ 10:00, 10:00,11-Jul,11/7/2021 10:00,19.74,8.72,7.65,41.5,On
90851_3_44388_ 10:00, 10:00,11-Jul,11/7/2021 10:00,19.74,8.72,7.65,41.5,Off
90851_3_44388_ 11:00, 11:00,11-Jul,11/7/2021 11:00,14.79,9.17,5.47,36,On
90851_3_44388_ 11:00, 11:00,11-Jul,11/7/2021 11:00,14.79,9.17,5.47,36,On
90851_3_44388_ 11:00, 11:00,11-Jul,11/7/2021 11:00,14.79,9.17,5.47,36,Off
90851_3_44388_ 11:00, 11:00,11-Jul,11/7/2021 11:00,14.79,9.17,5.47,36,Off
90851_3_44388_ 11:00, 11:00,11-Jul,11/7/2021 11:00,14.79,9.17,5.47,36,Off
90851_3_44388_ 12:00, 12:00,11-Jul,11/7/2021 12:00,13.56,6.32,4.92,32.5,On
90851_3_44388_ 12:00, 12:00,11-Jul,11/7/2021 12:00,13.56,6.32,4.92,32.5,On
90851_3_44388_ 12:00, 12:00,11-Jul,11/7/2021 12:00,13.56,6.32,4.92,32.5,Off
90851_3_44388_ 12:00, 12:00,11-Jul,11/7/2021 12:00,13.56,6.32,4.92,32.5,Off
90851_3_44388_ 12:00, 12:00,11-Jul,11/7/2021 12:00,13.56,6.32,4.92,32.5,Off
90851_3_44388_ 13:00, 13:00,11-Jul,11/7/2021 13:00,22.79,6.13,4.52,36.75,On
90851_3_44388_ 13:00, 13:00,11-Jul,11/7/2021 13:00,22.79,6.13,4.52,36.75,On
90851_3_44388_ 13:00, 13:00,11-Jul,11/7/2021 13:00,22.79,6.13,4.52,36.75,Off
90851_3_44388_ 13:00, 13:00,11-Jul,11/7/2021 13:00,22.79,6.13,4.52,36.75,On
90851_3_44388_ 13:00, 13:00,11-Jul,11/7/2021 13:00,22.79,6.13,4.52,36.75,Off
90851_3_44388_ 14:00, 14:00,11-Jul,11/7/2021 14:00,21.18,6.36,4.75,37,On
90851_3_44388_ 14:00, 14:00,11-Jul,11/7/2021 14:00,21.18,6.36,4.75,37,On
90851_3_44388_ 14:00, 14:00,11-Jul,11/7/2021 14:00,21.18,6.36,4.75,37,Off
90851_3_44388_ 14:00, 14:00,11-Jul,11/7/2021 14:00,21.18,6.36,4.75,37,On
90851_3_44388_ 14:00, 14:00,11-Jul,11/7/2021 14:00,21.18,6.36,4.75,37,Off
90851_3_44388_ 15:00, 15:00,11-Jul,11/7/2021 15:00,18.52,5.16,4.47,33.75,On
90851_3_44388_ 15:00, 15:00,11-Jul,11/7/2021 15:00,18.52,5.16,4.47,33.75,On
90851_3_44388_ 15:00, 15:00,11-Jul,11/7/2021 15:00,18.52,5.16,4.47,33.75,Off
90851_3_44388_ 15:00, 15:00,11-Jul,11/7/2021 15:00,18.52,5.16,4.47,33.75,On
90851_3_44388_ 15:00, 15:00,11-Jul,11/7/2021 15:00,18.52,5.16,4.47,33.75,Off
90851_3_44388_ 16:00, 16:00,11-Jul,11/7/2021 16:00,14.56,6.14,3.49,31.5,On
90851_3_44388_ 16:00, 16:00,11-Jul,11/7/2021 16:00,14.56,6.14,3.49,31.5,On
90851_3_44388_ 16:00, 16:00,11-Jul,11/7/2021 16:00,14.56,6.14,3.49,31.5,Off
90851_3_44388_ 16:00, 16:00,11-Jul,11/7/2021 16:00,14.56,6.14,3.49,31.5,On
90851_3_44388_ 16:00, 16:00,11-Jul,11/7/2021 16:00,14.56,6.14,3.49,31.5,Off
90851_3_44388_ 17:00, 17:00,11-Jul,11/7/2021 17:00,15.85,6.91,6.18,38,On
90851_3_44388_ 17:00, 17:00,11-Jul,11/7/2021 17:00,15.85,6.91,6.18,38,On
90851_3_44388_ 17:00, 17:00,11-Jul,11/7/2021 17:00,15.85,6.91,6.18,38,Off
90851_3_44388_ 17:00, 17:00,11-Jul,11/7/2021 17:00,15.85,6.91,6.18,38,On
90851_3_44388_ 17:00, 17:00,11-Jul,11/7/2021 17:00,15.85,6.91,6.18,38,Off
90851_3_44388_ 18:00, 18:00,11-Jul,11/7/2021 18:00,17.77,8.24,7.55,41.75,On
90851_3_44388_ 18:00, 18:00,11-Jul,11/7/2021 18:00,17.77,8.24,7.55,41.75,On
90851_3_44388_ 18:00, 18:00,11-Jul,11/7/2021 18:00,17.77,8.24,7.55,41.75,Off
90851_3_44388_ 18:00, 18:00,11-Jul,11/7/2021 18:00,17.77,8.24,7.55,41.75,On
90851_3_44388_ 18:00, 18:00,11-Jul,11/7/2021 18:00,17.77,8.24,7.55,41.75,Off
90851_3_44388_ 19:00, 19:00,11-Jul,11/7/2021 19:00,18.55,7.08,6.55,43.75,On
90851_3_44388_ 19:00, 19:00,11-Jul,11/7/2021 19:00,18.55,7.08,6.55,43.75,On
90851_3_44388_ 19:00, 19:00,11-Jul,11/7/2021 19:00,18.55,7.08,6.55,43.75,Off
90851_3_44388_ 19:00, 19:00,11-Jul,11/7/2021 19:00,18.55,7.08,6.55,43.75,Off
90851_3_44388_ 19:00, 19:00,11-Jul,11/7/2021 19:00,18.55,7.08,6.55,43.75,Off
90851_3_44388_ 20:00, 20:00,11-Jul,11/7/2021 20:00,28.72,8.94,4.23,44.5,On
90851_3_44388_ 20:00, 20:00,11-Jul,11/7/2021 20:00,28.72,8.94,4.23,44.5,On
90851_3_44388_ 20:00, 20:00,11-Jul,11/7/2021 20:00,28.72,8.94,4.23,44.5,Off
90851_3_44388_ 20:00, 20:00,11-Jul,11/7/2021 20:00,28.72,8.94,4.23,44.5,On
90851_3_44388_ 20:00, 20:00,11-Jul,11/7/2021 20:00,28.72,8.94,4.23,44.5,Off
90851_3_44388_ 21:00, 21:00,11-Jul,11/7/2021 21:00,27.37,6.98,3.6,40.75,On
90851_3_44388_ 21:00, 21:00,11-Jul,11/7/2021 21:00,27.37,6.98,3.6,40.75,On
90851_3_44388_ 21:00, 21:00,11-Jul,11/7/2021 21:00,27.37,6.98,3.6,40.75,Off
90851_3_44388_ 21:00, 21:00,11-Jul,11/7/2021 21:00,27.37,6.98,3.6,40.75,On
90851_3_44388_ 21:00, 21:00,11-Jul,11/7/2021 21:00,27.37,6.98,3.6,40.75,Off
90851_3_44388_ 22:00, 22:00,11-Jul,11/7/2021 22:00,37.23,9.52,2.46,41,On
90851_3_44388_ 22:00, 22:00,11-Jul,11/7/2021 22:00,37.23,9.52,2.46,41,On
90851_3_44388_ 22:00, 22:00,11-Jul,11/7/2021 22:00,37.23,9.52,2.46,41,Off
90851_3_44388_ 22:00, 22:00,11-Jul,11/7/2021 22:00,37.23,9.52,2.46,41,On
90851_3_44388_ 22:00, 22:00,11-Jul,11/7/2021 22:00,37.23,9.52,2.46,41,Off
90851_3_44388_ 23:00, 23:00,11-Jul,11/7/2021 23:00,29.15,7.31,1.22,36.75,On
90851_3_44388_ 23:00, 23:00,11-Jul,11/7/2021 23:00,29.15,7.31,1.22,36.75,On
90851_3_44388_ 23:00, 23:00,11-Jul,11/7/2021 23:00,29.15,7.31,1.22,36.75,Off
90851_3_44388_ 23:00, 23:00,11-Jul,11/7/2021 23:00,29.15,7.31,1.22,36.75,On
90851_3_44388_ 23:00, 23:00,11-Jul,11/7/2021 23:00,29.15,7.31,1.22,36.75,Off
90851_3_44389_ 00:00, 00:00,12-Jul,12/7/2021 0:00,18.99,6.94,0.06,23.5,On
90851_3_44389_ 00:00, 00:00,12-Jul,12/7/2021 0:00,18.99,6.94,0.06,23.5,On
90851_3_44389_ 00:00, 00:00,12-Jul,12/7/2021 0:00,18.99,6.94,0.06,23.5,Off
90851_3_44389_ 00:00, 00:00,12-Jul,12/7/2021 0:00,18.99,6.94,0.06,23.5,On
90851_3_44389_ 00:00, 00:00,12-Jul,12/7/2021 0:00,18.99,6.94,0.06,23.5,Off
90851_3_44389_ 01:00, 01:00,12-Jul,12/7/2021 1:00,11.95,2.89,0.03,16.25,On
90851_3_44389_ 01:00, 01:00,12-Jul,12/7/2021 1:00,11.95,2.89,0.03,16.25,On
90851_3_44389_ 01:00, 01:00,12-Jul,12/7/2021 1:00,11.95,2.89,0.03,16.25,Off
90851_3_44389_ 01:00, 01:00,12-Jul,12/7/2021 1:00,11.95,2.89,0.03,16.25,On
90851_3_44389_ 02:00, 02:00,12-Jul,12/7/2021 2:00,5.97,1.25,0,10,On
90851_3_44389_ 02:00, 02:00,12-Jul,12/7/2021 2:00,5.97,1.25,0,10,On
90851_3_44389_ 02:00, 02:00,12-Jul,12/7/2021 2:00,5.97,1.25,0,10,Off
90851_3_44389_ 02:00, 02:00,12-Jul,12/7/2021 2:00,5.97,1.25,0,10,Off
90851_3_44389_ 03:00, 03:00,12-Jul,12/7/2021 3:00,5.66,1.75,0.02,9.25,On
90851_3_44389_ 03:00, 03:00,12-Jul,12/7/2021 3:00,5.66,1.75,0.02,9.25,On
90851_3_44389_ 03:00, 03:00,12-Jul,12/7/2021 3:00,5.66,1.75,0.02,9.25,Off
90851_3_44389_ 03:00, 03:00,12-Jul,12/7/2021 3:00,5.66,1.75,0.02,9.25,Off
90851_3_44389_ 04:00, 04:00,12-Jul,12/7/2021 4:00,1.3,0.94,0.01,9.25,On
90851_3_44389_ 04:00, 04:00,12-Jul,12/7/2021 4:00,1.3,0.94,0.01,9.25,On
90851_3_44389_ 04:00, 04:00,12-Jul,12/7/2021 4:00,1.3,0.94,0.01,9.25,Off
90851_3_44389_ 04:00, 04:00,12-Jul,12/7/2021 4:00,1.3,0.94,0.01,9.25,Off
90851_3_44389_ 05:00, 05:00,12-Jul,12/7/2021 5:00,2.04,0.86,0.12,9,On
90851_3_44389_ 05:00, 05:00,12-Jul,12/7/2021 5:00,2.04,0.86,0.12,9,On
90851_3_44389_ 05:00, 05:00,12-Jul,12/7/2021 5:00,2.04,0.86,0.12,9,Off
90851_3_44389_ 05:00, 05:00,12-Jul,12/7/2021 5:00,2.04,0.86,0.12,9,Off
90851_3_44389_ 06:00, 06:00,12-Jul,12/7/2021 6:00,2.75,1.19,0.23,13,On
90851_3_44389_ 06:00, 06:00,12-Jul,12/7/2021 6:00,2.75,1.19,0.23,13,On
90851_3_44389_ 06:00, 06:00,12-Jul,12/7/2021 6:00,2.75,1.19,0.23,13,Off
90851_3_44389_ 06:00, 06:00,12-Jul,12/7/2021 6:00,2.75,1.19,0.23,13,Off
90851_3_44389_ 06:00, 06:00,12-Jul,12/7/2021 6:00,2.75,1.19,0.23,13,Off
90851_3_44389_ 07:00, 07:00,12-Jul,12/7/2021 7:00,6.96,2.12,0.9,21.25,On
90851_3_44389_ 07:00, 07:00,12-Jul,12/7/2021 7:00,6.96,2.12,0.9,21.25,On
90851_3_44389_ 07:00, 07:00,12-Jul,12/7/2021 7:00,6.96,2.12,0.9,21.25,Off
90851_3_44389_ 07:00, 07:00,12-Jul,12/7/2021 7:00,6.96,2.12,0.9,21.25,Off
90851_3_44389_ 07:00, 07:00,12-Jul,12/7/2021 7:00,6.96,2.12,0.9,21.25,Off
90851_3_44390_ 00:00, 00:00,13-Jul,13/7/2021 00:00,13.06,3.48,0.48,20.75,On
90851_3_44390_ 00:00, 00:00,13-Jul,13/7/2021 00:00,13.06,3.48,0.48,20.75,On
90851_3_44390_ 00:00, 00:00,13-Jul,13/7/2021 00:00,13.06,3.48,0.48,20.75,Off
90851_3_44390_ 00:00, 00:00,13-Jul,13/7/2021 00:00,13.06,3.48,0.48,20.75,On
90851_3_44390_ 00:00, 00:00,13-Jul,13/7/2021 00:00,13.06,3.48,0.48,20.75,Off
90851_3_44390_ 01:00, 01:00,13-Jul,13/7/2021 01:00,7.25,1.94,0.07,12.5,On
90851_3_44390_ 01:00, 01:00,13-Jul,13/7/2021 01:00,7.25,1.94,0.07,12.5,On
90851_3_44390_ 01:00, 01:00,13-Jul,13/7/2021 01:00,7.25,1.94,0.07,12.5,Off
90851_3_44390_ 01:00, 01:00,13-Jul,13/7/2021 01:00,7.25,1.94,0.07,12.5,Off
90851_3_44390_ 02:00, 02:00,13-Jul,13/7/2021 02:00,6.6,7.22,0,10.5,On
90851_3_44390_ 02:00, 02:00,13-Jul,13/7/2021 02:00,6.6,7.22,0,10.5,On
90851_3_44390_ 02:00, 02:00,13-Jul,13/7/2021 02:00,6.6,7.22,0,10.5,Off
90851_3_44390_ 02:00, 02:00,13-Jul,13/7/2021 02:00,6.6,7.22,0,10.5,Off
90851_3_44390_ 03:00, 03:00,13-Jul,13/7/2021 03:00,3.55,2.18,0.08,8.25,On
90851_3_44390_ 03:00, 03:00,13-Jul,13/7/2021 03:00,3.55,2.18,0.08,8.25,On
90851_3_44390_ 03:00, 03:00,13-Jul,13/7/2021 03:00,3.55,2.18,0.08,8.25,Off
90851_3_44390_ 03:00, 03:00,13-Jul,13/7/2021 03:00,3.55,2.18,0.08,8.25,Off
90851_3_44390_ 04:00, 04:00,13-Jul,13/7/2021 04:00,0.79,0.54,0.01,6,On
90851_3_44390_ 04:00, 04:00,13-Jul,13/7/2021 04:00,0.79,0.54,0.01,6,On
90851_3_44390_ 04:00, 04:00,13-Jul,13/7/2021 04:00,0.79,0.54,0.01,6,Off
90851_3_44390_ 04:00, 04:00,13-Jul,13/7/2021 04:00,0.79,0.54,0.01,6,Off
90851_3_44390_ 05:00, 05:00,13-Jul,13/7/2021 05:00,2.73,9.21,0.11,7.75,On
90851_3_44390_ 05:00, 05:00,13-Jul,13/7/2021 05:00,2.73,9.21,0.11,7.75,On
90851_3_44390_ 05:00, 05:00,13-Jul,13/7/2021 05:00,2.73,9.21,0.11,7.75,Off
90851_3_44390_ 05:00, 05:00,13-Jul,13/7/2021 05:00,2.73,9.21,0.11,7.75,Off
90851_3_44390_ 06:00, 06:00,13-Jul,13/7/2021 06:00,3.39,3.19,0.64,19.5,On
90851_3_44390_ 06:00, 06:00,13-Jul,13/7/2021 06:00,3.39,3.19,0.64,19.5,On
90851_3_44390_ 06:00, 06:00,13-Jul,13/7/2021 06:00,3.39,3.19,0.64,19.5,Off
90851_3_44390_ 06:00, 06:00,13-Jul,13/7/2021 06:00,3.39,3.19,0.64,19.5,Off
90851_3_44390_ 06:00, 06:00,13-Jul,13/7/2021 06:00,3.39,3.19,0.64,19.5,Off
90851_3_44390_ 07:00, 07:00,13-Jul,13/7/2021 07:00,6.71,5.27,1.85,25,On
90851_3_44390_ 07:00, 07:00,13-Jul,13/7/2021 07:00,6.71,5.27,1.85,25,On
90851_3_44390_ 07:00, 07:00,13-Jul,13/7/2021 07:00,6.71,5.27,1.85,25,Off
90851_3_44390_ 07:00, 07:00,13-Jul,13/7/2021 07:00,6.71,5.27,1.85,25,Off
90851_3_44390_ 07:00, 07:00,13-Jul,13/7/2021 07:00,6.71,5.27,1.85,25,Off
90851_3_44390_ 08:00, 08:00,13-Jul,13/7/2021 08:00,13.62,11.44,2.89,29,On
90851_3_44390_ 08:00, 08:00,13-Jul,13/7/2021 08:00,13.62,11.44,2.89,29,On
90851_3_44390_ 08:00, 08:00,13-Jul,13/7/2021 08:00,13.62,11.44,2.89,29,Off
90851_3_44390_ 08:00, 08:00,13-Jul,13/7/2021 08:00,13.62,11.44,2.89,29,Off
90851_3_44390_ 08:00, 08:00,13-Jul,13/7/2021 08:00,13.62,11.44,2.89,29,Off
90851_3_44390_ 09:00, 09:00,13-Jul,13/7/2021 09:00,16.28,8.53,4.58,34.5,On
90851_3_44390_ 09:00, 09:00,13-Jul,13/7/2021 09:00,16.28,8.53,4.58,34.5,On
90851_3_44390_ 09:00, 09:00,13-Jul,13/7/2021 09:00,16.28,8.53,4.58,34.5,Off
90851_3_44390_ 09:00, 09:00,13-Jul,13/7/2021 09:00,16.28,8.53,4.58,34.5,On
90851_3_44390_ 09:00, 09:00,13-Jul,13/7/2021 09:00,16.28,8.53,4.58,34.5,Off
90851_3_44390_ 10:00, 10:00,13-Jul,13/7/2021 10:00,20.58,10.33,8.12,41,On
90851_3_44390_ 10:00, 10:00,13-Jul,13/7/2021 10:00,20.58,10.33,8.12,41,On
90851_3_44390_ 10:00, 10:00,13-Jul,13/7/2021 10:00,20.58,10.33,8.12,41,Off
90851_3_44390_ 10:00, 10:00,13-Jul,13/7/2021 10:00,20.58,10.33,8.12,41,On
90851_3_44390_ 10:00, 10:00,13-Jul,13/7/2021 10:00,20.58,10.33,8.12,41,Off
90851_3_44390_ 11:00, 11:00,13-Jul,13/7/2021 11:00,14.15,8.25,7.85,39.5,On
90851_3_44390_ 11:00, 11:00,13-Jul,13/7/2021 11:00,14.15,8.25,7.85,39.5,On
90851_3_44390_ 11:00, 11:00,13-Jul,13/7/2021 11:00,14.15,8.25,7.85,39.5,Off
90851_3_44390_ 11:00, 11:00,13-Jul,13/7/2021 11:00,14.15,8.25,7.85,39.5,On
90851_3_44390_ 11:00, 11:00,13-Jul,13/7/2021 11:00,14.15,8.25,7.85,39.5,Off
90851_3_44390_ 12:00, 12:00,13-Jul,13/7/2021 12:00,16.39,8.67,6.41,36,On
90851_3_44390_ 12:00, 12:00,13-Jul,13/7/2021 12:00,16.39,8.67,6.41,36,On
90851_3_44390_ 12:00, 12:00,13-Jul,13/7/2021 12:00,16.39,8.67,6.41,36,Off
90851_3_44390_ 12:00, 12:00,13-Jul,13/7/2021 12:00,16.39,8.67,6.41,36,Off
90851_3_44390_ 12:00, 12:00,13-Jul,13/7/2021 12:00,16.39,8.67,6.41,36,Off
90851_3_44390_ 13:00, 13:00,13-Jul,13/7/2021 13:00,21.7,8.4,6.07,39.5,On
90851_3_44390_ 13:00, 13:00,13-Jul,13/7/2021 13:00,21.7,8.4,6.07,39.5,On
90851_3_44390_ 13:00, 13:00,13-Jul,13/7/2021 13:00,21.7,8.4,6.07,39.5,Off
90851_3_44390_ 13:00, 13:00,13-Jul,13/7/2021 13:00,21.7,8.4,6.07,39.5,On
90851_3_44390_ 13:00, 13:00,13-Jul,13/7/2021 13:00,21.7,8.4,6.07,39.5,Off
90851_3_44390_ 14:00, 14:00,13-Jul,13/7/2021 14:00,22.09,8.11,5.14,40,On
90851_3_44390_ 14:00, 14:00,13-Jul,13/7/2021 14:00,22.09,8.11,5.14,40,On
90851_3_44390_ 14:00, 14:00,13-Jul,13/7/2021 14:00,22.09,8.11,5.14,40,Off
90851_3_44390_ 14:00, 14:00,13-Jul,13/7/2021 14:00,22.09,8.11,5.14,40,On
90851_3_44390_ 14:00, 14:00,13-Jul,13/7/2021 14:00,22.09,8.11,5.14,40,Off
90851_3_44390_ 15:00, 15:00,13-Jul,13/7/2021 15:00,22.55,7.77,6.19,40.75,On
90851_3_44390_ 15:00, 15:00,13-Jul,13/7/2021 15:00,22.55,7.77,6.19,40.75,On
90851_3_44390_ 15:00, 15:00,13-Jul,13/7/2021 15:00,22.55,7.77,6.19,40.75,Off
90851_3_44390_ 15:00, 15:00,13-Jul,13/7/2021 15:00,22.55,7.77,6.19,40.75,On
90851_3_44390_ 15:00, 15:00,13-Jul,13/7/2021 15:00,22.55,7.77,6.19,40.75,Off
90851_3_44390_ 16:00, 16:00,13-Jul,13/7/2021 16:00,16.01,8.16,8.28,37.25,On
90851_3_44390_ 16:00, 16:00,13-Jul,13/7/2021 16:00,16.01,8.16,8.28,37.25,On
90851_3_44390_ 16:00, 16:00,13-Jul,13/7/2021 16:00,16.01,8.16,8.28,37.25,Off
90851_3_44390_ 16:00, 16:00,13-Jul,13/7/2021 16:00,16.01,8.16,8.28,37.25,On
90851_3_44390_ 16:00, 16:00,13-Jul,13/7/2021 16:00,16.01,8.16,8.28,37.25,Off
90851_3_44390_ 17:00, 17:00,13-Jul,13/7/2021 17:00,18.74,11.86,8.77,41.5,On
90851_3_44390_ 17:00, 17:00,13-Jul,13/7/2021 17:00,18.74,11.86,8.77,41.5,On
90851_3_44390_ 17:00, 17:00,13-Jul,13/7/2021 17:00,18.74,11.86,8.77,41.5,Off
90851_3_44390_ 17:00, 17:00,13-Jul,13/7/2021 17:00,18.74,11.86,8.77,41.5,On
90851_3_44390_ 17:00, 17:00,13-Jul,13/7/2021 17:00,18.74,11.86,8.77,41.5,Off
90851_3_44390_ 18:00, 18:00,13-Jul,13/7/2021 18:00,12.41,7.25,10.02,41.5,On
90851_3_44390_ 18:00, 18:00,13-Jul,13/7/2021 18:00,12.41,7.25,10.02,41.5,On
90851_3_44390_ 18:00, 18:00,13-Jul,13/7/2021 18:00,12.41,7.25,10.02,41.5,Off
90851_3_44390_ 18:00, 18:00,13-Jul,13/7/2021 18:00,12.41,7.25,10.02,41.5,Off
90851_3_44390_ 18:00, 18:00,13-Jul,13/7/2021 18:00,12.41,7.25,10.02,41.5,Off
90851_3_44390_ 19:00, 19:00,13-Jul,13/7/2021 19:00,17.07,8.87,10.48,42.5,On
90851_3_44390_ 19:00, 19:00,13-Jul,13/7/2021 19:00,17.07,8.87,10.48,42.5,On
90851_3_44390_ 19:00, 19:00,13-Jul,13/7/2021 19:00,17.07,8.87,10.48,42.5,Off
90851_3_44390_ 19:00, 19:00,13-Jul,13/7/2021 19:00,17.07,8.87,10.48,42.5,On
90851_3_44390_ 19:00, 19:00,13-Jul,13/7/2021 19:00,17.07,8.87,10.48,42.5,Off
90851_3_44390_ 20:00, 20:00,13-Jul,13/7/2021 20:00,20.21,9.18,7.53,38.25,On
90851_3_44390_ 20:00, 20:00,13-Jul,13/7/2021 20:00,20.21,9.18,7.53,38.25,On
90851_3_44390_ 20:00, 20:00,13-Jul,13/7/2021 20:00,20.21,9.18,7.53,38.25,Off
90851_3_44390_ 20:00, 20:00,13-Jul,13/7/2021 20:00,20.21,9.18,7.53,38.25,On
90851_3_44390_ 20:00, 20:00,13-Jul,13/7/2021 20:00,20.21,9.18,7.53,38.25,Off
90851_3_44390_ 21:00, 21:00,13-Jul,13/7/2021 21:00,16.46,6.52,7.21,37.75,On
90851_3_44390_ 21:00, 21:00,13-Jul,13/7/2021 21:00,16.46,6.52,7.21,37.75,On
90851_3_44390_ 21:00, 21:00,13-Jul,13/7/2021 21:00,16.46,6.52,7.21,37.75,Off
90851_3_44390_ 21:00, 21:00,13-Jul,13/7/2021 21:00,16.46,6.52,7.21,37.75,Off
90851_3_44390_ 21:00, 21:00,13-Jul,13/7/2021 21:00,16.46,6.52,7.21,37.75,Off
90851_3_44390_ 22:00, 22:00,13-Jul,13/7/2021 22:00,23.5,9.56,6.88,37,On
90851_3_44390_ 22:00, 22:00,13-Jul,13/7/2021 22:00,23.5,9.56,6.88,37,On
90851_3_44390_ 22:00, 22:00,13-Jul,13/7/2021 22:00,23.5,9.56,6.88,37,Off
90851_3_44390_ 22:00, 22:00,13-Jul,13/7/2021 22:00,23.5,9.56,6.88,37,On
90851_3_44390_ 22:00, 22:00,13-Jul,13/7/2021 22:00,23.5,9.56,6.88,37,Off
90851_3_44390_ 23:00, 23:00,13-Jul,13/7/2021 23:00,23.09,6.17,3.98,33.5,On
90851_3_44390_ 23:00, 23:00,13-Jul,13/7/2021 23:00,23.09,6.17,3.98,33.5,On
90851_3_44390_ 23:00, 23:00,13-Jul,13/7/2021 23:00,23.09,6.17,3.98,33.5,Off
90851_3_44390_ 23:00, 23:00,13-Jul,13/7/2021 23:00,23.09,6.17,3.98,33.5,On
90851_3_44390_ 23:00, 23:00,13-Jul,13/7/2021 23:00,23.09,6.17,3.98,33.5,Off
90851_3_44391_ 00:00, 00:00,14-Jul,14/7/2021 00:00,10.97,3.28,1.1,19.25,On
90851_3_44391_ 00:00, 00:00,14-Jul,14/7/2021 00:00,10.97,3.28,1.1,19.25,On
90851_3_44391_ 00:00, 00:00,14-Jul,14/7/2021 00:00,10.97,3.28,1.1,19.25,Off
90851_3_44391_ 00:00, 00:00,14-Jul,14/7/2021 00:00,10.97,3.28,1.1,19.25,Off
90851_3_44391_ 00:00, 00:00,14-Jul,14/7/2021 00:00,10.97,3.28,1.1,19.25,Off
90851_3_44391_ 01:00, 01:00,14-Jul,14/7/2021 01:00,4.38,1.41,0.8,11.5,On
90851_3_44391_ 01:00, 01:00,14-Jul,14/7/2021 01:00,4.38,1.41,0.8,11.5,On
90851_3_44391_ 01:00, 01:00,14-Jul,14/7/2021 01:00,4.38,1.41,0.8,11.5,Off
90851_3_44391_ 01:00, 01:00,14-Jul,14/7/2021 01:00,4.38,1.41,0.8,11.5,Off
90851_3_44391_ 02:00, 02:00,14-Jul,14/7/2021 02:00,3.66,1.25,0.35,9,On
90851_3_44391_ 02:00, 02:00,14-Jul,14/7/2021 02:00,3.66,1.25,0.35,9,On
90851_3_44391_ 02:00, 02:00,14-Jul,14/7/2021 02:00,3.66,1.25,0.35,9,Off
90851_3_44391_ 02:00, 02:00,14-Jul,14/7/2021 02:00,3.66,1.25,0.35,9,Off
90851_3_44391_ 03:00, 03:00,14-Jul,14/7/2021 03:00,4.5,0.81,0.02,7.25,On
90851_3_44391_ 03:00, 03:00,14-Jul,14/7/2021 03:00,4.5,0.81,0.02,7.25,On
90851_3_44391_ 03:00, 03:00,14-Jul,14/7/2021 03:00,4.5,0.81,0.02,7.25,Off
90851_3_44391_ 03:00, 03:00,14-Jul,14/7/2021 03:00,4.5,0.81,0.02,7.25,Off
90851_3_44391_ 04:00, 04:00,14-Jul,14/7/2021 04:00,0.47,8.17,0.02,5.25,On
90851_3_44391_ 04:00, 04:00,14-Jul,14/7/2021 04:00,0.47,8.17,0.02,5.25,On
90851_3_44391_ 04:00, 04:00,14-Jul,14/7/2021 04:00,0.47,8.17,0.02,5.25,Off
90851_3_44391_ 04:00, 04:00,14-Jul,14/7/2021 04:00,0.47,8.17,0.02,5.25,Off
90851_3_44391_ 05:00, 05:00,14-Jul,14/7/2021 05:00,1.68,1.65,0.03,7,On
90851_3_44391_ 05:00, 05:00,14-Jul,14/7/2021 05:00,1.68,1.65,0.03,7,On
90851_3_44391_ 05:00, 05:00,14-Jul,14/7/2021 05:00,1.68,1.65,0.03,7,Off
90851_3_44391_ 05:00, 05:00,14-Jul,14/7/2021 05:00,1.68,1.65,0.03,7,Off
90851_3_44391_ 06:00, 06:00,14-Jul,14/7/2021 06:00,4.26,1.41,1.03,16.25,On
90851_3_44391_ 06:00, 06:00,14-Jul,14/7/2021 06:00,4.26,1.41,1.03,16.25,On
90851_3_44391_ 06:00, 06:00,14-Jul,14/7/2021 06:00,4.26,1.41,1.03,16.25,Off
90851_3_44391_ 06:00, 06:00,14-Jul,14/7/2021 06:00,4.26,1.41,1.03,16.25,Off
90851_3_44391_ 06:00, 06:00,14-Jul,14/7/2021 06:00,4.26,1.41,1.03,16.25,Off
90851_3_44391_ 07:00, 07:00,14-Jul,14/7/2021 07:00,7.93,3.56,3.49,23.75,On
90851_3_44391_ 07:00, 07:00,14-Jul,14/7/2021 07:00,7.93,3.56,3.49,23.75,On
90851_3_44391_ 07:00, 07:00,14-Jul,14/7/2021 07:00,7.93,3.56,3.49,23.75,Off
90851_3_44391_ 07:00, 07:00,14-Jul,14/7/2021 07:00,7.93,3.56,3.49,23.75,Off
90851_3_44391_ 07:00, 07:00,14-Jul,14/7/2021 07:00,7.93,3.56,3.49,23.75,Off
90851_3_44391_ 08:00, 08:00,14-Jul,14/7/2021 08:00,11.55,5.77,4.05,27.5,On
90851_3_44391_ 08:00, 08:00,14-Jul,14/7/2021 08:00,11.55,5.77,4.05,27.5,On
90851_3_44391_ 08:00, 08:00,14-Jul,14/7/2021 08:00,11.55,5.77,4.05,27.5,Off
90851_3_44391_ 08:00, 08:00,14-Jul,14/7/2021 08:00,11.55,5.77,4.05,27.5,Off
90851_3_44391_ 08:00, 08:00,14-Jul,14/7/2021 08:00,11.55,5.77,4.05,27.5,Off
90851_3_44391_ 09:00, 09:00,14-Jul,14/7/2021 09:00,18.08,6.58,4.26,34.5,On
90851_3_44391_ 09:00, 09:00,14-Jul,14/7/2021 09:00,18.08,6.58,4.26,34.5,On
90851_3_44391_ 09:00, 09:00,14-Jul,14/7/2021 09:00,18.08,6.58,4.26,34.5,Off
90851_3_44391_ 09:00, 09:00,14-Jul,14/7/2021 09:00,18.08,6.58,4.26,34.5,On
90851_3_44391_ 09:00, 09:00,14-Jul,14/7/2021 09:00,18.08,6.58,4.26,34.5,Off
90851_3_44391_ 10:00, 10:00,14-Jul,14/7/2021 10:00,19.3,8.44,7.38,37.75,On
90851_3_44391_ 10:00, 10:00,14-Jul,14/7/2021 10:00,19.3,8.44,7.38,37.75,On
90851_3_44391_ 10:00, 10:00,14-Jul,14/7/2021 10:00,19.3,8.44,7.38,37.75,Off
90851_3_44391_ 10:00, 10:00,14-Jul,14/7/2021 10:00,19.3,8.44,7.38,37.75,On
90851_3_44391_ 10:00, 10:00,14-Jul,14/7/2021 10:00,19.3,8.44,7.38,37.75,Off
90851_3_44391_ 11:00, 11:00,14-Jul,14/7/2021 11:00,14.76,9.02,7.94,36.5,On
90851_3_44391_ 11:00, 11:00,14-Jul,14/7/2021 11:00,14.76,9.02,7.94,36.5,On
90851_3_44391_ 11:00, 11:00,14-Jul,14/7/2021 11:00,14.76,9.02,7.94,36.5,Off
90851_3_44391_ 11:00, 11:00,14-Jul,14/7/2021 11:00,14.76,9.02,7.94,36.5,Off
90851_3_44391_ 11:00, 11:00,14-Jul,14/7/2021 11:00,14.76,9.02,7.94,36.5,Off
90851_3_44391_ 12:00, 12:00,14-Jul,14/7/2021 12:00,23.99,12.52,7.67,41.75,On
90851_3_44391_ 12:00, 12:00,14-Jul,14/7/2021 12:00,23.99,12.52,7.67,41.75,On
90851_3_44391_ 12:00, 12:00,14-Jul,14/7/2021 12:00,23.99,12.52,7.67,41.75,Off
90851_3_44391_ 12:00, 12:00,14-Jul,14/7/2021 12:00,23.99,12.52,7.67,41.75,Off
90851_3_44391_ 12:00, 12:00,14-Jul,14/7/2021 12:00,23.99,12.52,7.67,41.75,Off
90851_3_44391_ 13:00, 13:00,14-Jul,14/7/2021 13:00,20.47,10.05,6.59,44.5,On
90851_3_44391_ 13:00, 13:00,14-Jul,14/7/2021 13:00,20.47,10.05,6.59,44.5,On
90851_3_44391_ 13:00, 13:00,14-Jul,14/7/2021 13:00,20.47,10.05,6.59,44.5,Off
90851_3_44391_ 13:00, 13:00,14-Jul,14/7/2021 13:00,20.47,10.05,6.59,44.5,On
90851_3_44391_ 13:00, 13:00,14-Jul,14/7/2021 13:00,20.47,10.05,6.59,44.5,Off
90851_3_44391_ 14:00, 14:00,14-Jul,14/7/2021 14:00,21.38,8.47,6.38,38.5,On
90851_3_44391_ 14:00, 14:00,14-Jul,14/7/2021 14:00,21.38,8.47,6.38,38.5,On
90851_3_44391_ 14:00, 14:00,14-Jul,14/7/2021 14:00,21.38,8.47,6.38,38.5,Off
90851_3_44391_ 14:00, 14:00,14-Jul,14/7/2021 14:00,21.38,8.47,6.38,38.5,On
90851_3_44391_ 14:00, 14:00,14-Jul,14/7/2021 14:00,21.38,8.47,6.38,38.5,Off
90851_3_44391_ 15:00, 15:00,14-Jul,14/7/2021 15:00,19.24,7.22,6.73,38.5,On
90851_3_44391_ 15:00, 15:00,14-Jul,14/7/2021 15:00,19.24,7.22,6.73,38.5,On
90851_3_44391_ 15:00, 15:00,14-Jul,14/7/2021 15:00,19.24,7.22,6.73,38.5,Off
90851_3_44391_ 15:00, 15:00,14-Jul,14/7/2021 15:00,19.24,7.22,6.73,38.5,On
90851_3_44391_ 15:00, 15:00,14-Jul,14/7/2021 15:00,19.24,7.22,6.73,38.5,Off
90851_3_44391_ 16:00, 16:00,14-Jul,14/7/2021 16:00,15.33,6.73,8.39,39.25,On
90851_3_44391_ 16:00, 16:00,14-Jul,14/7/2021 16:00,15.33,6.73,8.39,39.25,On
90851_3_44391_ 16:00, 16:00,14-Jul,14/7/2021 16:00,15.33,6.73,8.39,39.25,Off
90851_3_44391_ 16:00, 16:00,14-Jul,14/7/2021 16:00,15.33,6.73,8.39,39.25,On
90851_3_44391_ 16:00, 16:00,14-Jul,14/7/2021 16:00,15.33,6.73,8.39,39.25,Off
90851_3_44391_ 17:00, 17:00,14-Jul,14/7/2021 17:00,19.64,9.51,10.62,45,On
90851_3_44391_ 17:00, 17:00,14-Jul,14/7/2021 17:00,19.64,9.51,10.62,45,On
90851_3_44391_ 17:00, 17:00,14-Jul,14/7/2021 17:00,19.64,9.51,10.62,45,Off
90851_3_44391_ 17:00, 17:00,14-Jul,14/7/2021 17:00,19.64,9.51,10.62,45,On
90851_3_44391_ 17:00, 17:00,14-Jul,14/7/2021 17:00,19.64,9.51,10.62,45,Off
90851_3_44391_ 18:00, 18:00,14-Jul,14/7/2021 18:00,14.72,9.87,9.88,43.25,On
90851_3_44391_ 18:00, 18:00,14-Jul,14/7/2021 18:00,14.72,9.87,9.88,43.25,On
90851_3_44391_ 18:00, 18:00,14-Jul,14/7/2021 18:00,14.72,9.87,9.88,43.25,Off
90851_3_44391_ 18:00, 18:00,14-Jul,14/7/2021 18:00,14.72,9.87,9.88,43.25,On
90851_3_44391_ 18:00, 18:00,14-Jul,14/7/2021 18:00,14.72,9.87,9.88,43.25,Off
90851_3_44391_ 19:00, 19:00,14-Jul,14/7/2021 19:00,20.54,9.37,9.66,46.5,On
90851_3_44391_ 19:00, 19:00,14-Jul,14/7/2021 19:00,20.54,9.37,9.66,46.5,On
90851_3_44391_ 19:00, 19:00,14-Jul,14/7/2021 19:00,20.54,9.37,9.66,46.5,Off
90851_3_44391_ 19:00, 19:00,14-Jul,14/7/2021 19:00,20.54,9.37,9.66,46.5,Off
90851_3_44391_ 19:00, 19:00,14-Jul,14/7/2021 19:00,20.54,9.37,9.66,46.5,Off
90851_3_44391_ 20:00, 20:00,14-Jul,14/7/2021 20:00,20.92,7.57,9.45,44.75,On
90851_3_44391_ 20:00, 20:00,14-Jul,14/7/2021 20:00,20.92,7.57,9.45,44.75,On
90851_3_44391_ 20:00, 20:00,14-Jul,14/7/2021 20:00,20.92,7.57,9.45,44.75,Off
90851_3_44391_ 20:00, 20:00,14-Jul,14/7/2021 20:00,20.92,7.57,9.45,44.75,On
90851_3_44391_ 20:00, 20:00,14-Jul,14/7/2021 20:00,20.92,7.57,9.45,44.75,Off
90851_3_44391_ 21:00, 21:00,14-Jul,14/7/2021 21:00,21.92,8.07,6.93,40.75,On
90851_3_44391_ 21:00, 21:00,14-Jul,14/7/2021 21:00,21.92,8.07,6.93,40.75,On
90851_3_44391_ 21:00, 21:00,14-Jul,14/7/2021 21:00,21.92,8.07,6.93,40.75,Off
90851_3_44391_ 21:00, 21:00,14-Jul,14/7/2021 21:00,21.92,8.07,6.93,40.75,On
90851_3_44391_ 21:00, 21:00,14-Jul,14/7/2021 21:00,21.92,8.07,6.93,40.75,Off
90851_3_44391_ 22:00, 22:00,14-Jul,14/7/2021 22:00,22.32,9.04,3.84,37.25,On
90851_3_44391_ 22:00, 22:00,14-Jul,14/7/2021 22:00,22.32,9.04,3.84,37.25,On
90851_3_44391_ 22:00, 22:00,14-Jul,14/7/2021 22:00,22.32,9.04,3.84,37.25,Off
90851_3_44391_ 22:00, 22:00,14-Jul,14/7/2021 22:00,22.32,9.04,3.84,37.25,On
90851_3_44391_ 22:00, 22:00,14-Jul,14/7/2021 22:00,22.32,9.04,3.84,37.25,Off
90851_3_44391_ 23:00, 23:00,14-Jul,14/7/2021 23:00,17.75,5.74,1.82,29,On
90851_3_44391_ 23:00, 23:00,14-Jul,14/7/2021 23:00,17.75,5.74,1.82,29,On
90851_3_44391_ 23:00, 23:00,14-Jul,14/7/2021 23:00,17.75,5.74,1.82,29,Off
90851_3_44391_ 23:00, 23:00,14-Jul,14/7/2021 23:00,17.75,5.74,1.82,29,Off
90851_3_44391_ 23:00, 23:00,14-Jul,14/7/2021 23:00,17.75,5.74,1.82,29,Off
90851_3_44392_ 00:00, 00:00,15-Jul,15/7/2021 00:00,12.33,6.18,0.45,23.25,On
90851_3_44392_ 00:00, 00:00,15-Jul,15/7/2021 00:00,12.33,6.18,0.45,23.25,On
90851_3_44392_ 00:00, 00:00,15-Jul,15/7/2021 00:00,12.33,6.18,0.45,23.25,Off
90851_3_44392_ 00:00, 00:00,15-Jul,15/7/2021 00:00,12.33,6.18,0.45,23.25,On
90851_3_44392_ 00:00, 00:00,15-Jul,15/7/2021 00:00,12.33,6.18,0.45,23.25,Off
90851_3_44392_ 01:00, 01:00,15-Jul,15/7/2021 01:00,5.88,4.3,0.87,15.25,On
90851_3_44392_ 01:00, 01:00,15-Jul,15/7/2021 01:00,5.88,4.3,0.87,15.25,On
90851_3_44392_ 01:00, 01:00,15-Jul,15/7/2021 01:00,5.88,4.3,0.87,15.25,Off
90851_3_44392_ 01:00, 01:00,15-Jul,15/7/2021 01:00,5.88,4.3,0.87,15.25,Off
90851_3_44392_ 02:00, 02:00,15-Jul,15/7/2021 02:00,3.29,2.41,0.35,12,On
90851_3_44392_ 02:00, 02:00,15-Jul,15/7/2021 02:00,3.29,2.41,0.35,12,On
90851_3_44392_ 02:00, 02:00,15-Jul,15/7/2021 02:00,3.29,2.41,0.35,12,Off
90851_3_44392_ 02:00, 02:00,15-Jul,15/7/2021 02:00,3.29,2.41,0.35,12,Off
90851_3_44392_ 03:00, 03:00,15-Jul,15/7/2021 03:00,1.79,3.39,0.03,8.25,On
90851_3_44392_ 03:00, 03:00,15-Jul,15/7/2021 03:00,1.79,3.39,0.03,8.25,On
90851_3_44392_ 03:00, 03:00,15-Jul,15/7/2021 03:00,1.79,3.39,0.03,8.25,Off
90851_3_44392_ 03:00, 03:00,15-Jul,15/7/2021 03:00,1.79,3.39,0.03,8.25,Off
90851_3_44392_ 04:00, 04:00,15-Jul,15/7/2021 04:00,1.02,3.12,0.11,8.25,On
90851_3_44392_ 04:00, 04:00,15-Jul,15/7/2021 04:00,1.02,3.12,0.11,8.25,On
90851_3_44392_ 04:00, 04:00,15-Jul,15/7/2021 04:00,1.02,3.12,0.11,8.25,Off
90851_3_44392_ 04:00, 04:00,15-Jul,15/7/2021 04:00,1.02,3.12,0.11,8.25,Off
90851_3_44392_ 05:00, 05:00,15-Jul,15/7/2021 05:00,2.22,0.75,0.09,8,On
90851_3_44392_ 05:00, 05:00,15-Jul,15/7/2021 05:00,2.22,0.75,0.09,8,On
90851_3_44392_ 05:00, 05:00,15-Jul,15/7/2021 05:00,2.22,0.75,0.09,8,Off
90851_3_44392_ 05:00, 05:00,15-Jul,15/7/2021 05:00,2.22,0.75,0.09,8,Off
90851_3_44392_ 06:00, 06:00,15-Jul,15/7/2021 06:00,3.08,1.47,1.3,16.75,On
90851_3_44392_ 06:00, 06:00,15-Jul,15/7/2021 06:00,3.08,1.47,1.3,16.75,On
90851_3_44392_ 06:00, 06:00,15-Jul,15/7/2021 06:00,3.08,1.47,1.3,16.75,Off
90851_3_44392_ 06:00, 06:00,15-Jul,15/7/2021 06:00,3.08,1.47,1.3,16.75,Off
90851_3_44392_ 06:00, 06:00,15-Jul,15/7/2021 06:00,3.08,1.47,1.3,16.75,Off
90851_3_44392_ 07:00, 07:00,15-Jul,15/7/2021 07:00,7.07,4.01,1.5,24.75,On
90851_3_44392_ 07:00, 07:00,15-Jul,15/7/2021 07:00,7.07,4.01,1.5,24.75,On
90851_3_44392_ 07:00, 07:00,15-Jul,15/7/2021 07:00,7.07,4.01,1.5,24.75,Off
90851_3_44392_ 07:00, 07:00,15-Jul,15/7/2021 07:00,7.07,4.01,1.5,24.75,Off
90851_3_44392_ 07:00, 07:00,15-Jul,15/7/2021 07:00,7.07,4.01,1.5,24.75,Off
90851_3_44392_ 08:00, 08:00,15-Jul,15/7/2021 08:00,14.3,7.62,3.25,32,On
90851_3_44392_ 08:00, 08:00,15-Jul,15/7/2021 08:00,14.3,7.62,3.25,32,On
90851_3_44392_ 08:00, 08:00,15-Jul,15/7/2021 08:00,14.3,7.62,3.25,32,Off
90851_3_44392_ 08:00, 08:00,15-Jul,15/7/2021 08:00,14.3,7.62,3.25,32,On
90851_3_44392_ 08:00, 08:00,15-Jul,15/7/2021 08:00,14.3,7.62,3.25,32,Off
90851_3_44392_ 09:00, 09:00,15-Jul,15/7/2021 09:00,15.3,8.72,4.2,33,On
90851_3_44392_ 09:00, 09:00,15-Jul,15/7/2021 09:00,15.3,8.72,4.2,33,On
90851_3_44392_ 09:00, 09:00,15-Jul,15/7/2021 09:00,15.3,8.72,4.2,33,Off
90851_3_44392_ 09:00, 09:00,15-Jul,15/7/2021 09:00,15.3,8.72,4.2,33,On
90851_3_44392_ 09:00, 09:00,15-Jul,15/7/2021 09:00,15.3,8.72,4.2,33,Off
90851_3_44392_ 10:00, 10:00,15-Jul,15/7/2021 10:00,17.64,9.8,7.48,40,On
90851_3_44392_ 10:00, 10:00,15-Jul,15/7/2021 10:00,17.64,9.8,7.48,40,On
90851_3_44392_ 10:00, 10:00,15-Jul,15/7/2021 10:00,17.64,9.8,7.48,40,Off
90851_3_44392_ 10:00, 10:00,15-Jul,15/7/2021 10:00,17.64,9.8,7.48,40,Off
90851_3_44392_ 10:00, 10:00,15-Jul,15/7/2021 10:00,17.64,9.8,7.48,40,Off
90851_3_44392_ 11:00, 11:00,15-Jul,15/7/2021 11:00,18.76,9.14,5.6,40,On
90851_3_44392_ 11:00, 11:00,15-Jul,15/7/2021 11:00,18.76,9.14,5.6,40,On
90851_3_44392_ 11:00, 11:00,15-Jul,15/7/2021 11:00,18.76,9.14,5.6,40,Off
90851_3_44392_ 11:00, 11:00,15-Jul,15/7/2021 11:00,18.76,9.14,5.6,40,On
90851_3_44392_ 11:00, 11:00,15-Jul,15/7/2021 11:00,18.76,9.14,5.6,40,Off
90851_3_44392_ 12:00, 12:00,15-Jul,15/7/2021 12:00,16.96,6.05,3.28,35.25,On
90851_3_44392_ 12:00, 12:00,15-Jul,15/7/2021 12:00,16.96,6.05,3.28,35.25,On
90851_3_44392_ 12:00, 12:00,15-Jul,15/7/2021 12:00,16.96,6.05,3.28,35.25,Off
90851_3_44392_ 12:00, 12:00,15-Jul,15/7/2021 12:00,16.96,6.05,3.28,35.25,On
90851_3_44392_ 12:00, 12:00,15-Jul,15/7/2021 12:00,16.96,6.05,3.28,35.25,Off
90851_3_44392_ 13:00, 13:00,15-Jul,15/7/2021 13:00,20.85,7.62,6.6,39.75,On
90851_3_44392_ 13:00, 13:00,15-Jul,15/7/2021 13:00,20.85,7.62,6.6,39.75,On
90851_3_44392_ 13:00, 13:00,15-Jul,15/7/2021 13:00,20.85,7.62,6.6,39.75,Off
90851_3_44392_ 13:00, 13:00,15-Jul,15/7/2021 13:00,20.85,7.62,6.6,39.75,On
90851_3_44392_ 13:00, 13:00,15-Jul,15/7/2021 13:00,20.85,7.62,6.6,39.75,Off
90851_3_44392_ 14:00, 14:00,15-Jul,15/7/2021 14:00,18.55,5.18,4.38,33.75,On
90851_3_44392_ 14:00, 14:00,15-Jul,15/7/2021 14:00,18.55,5.18,4.38,33.75,On
90851_3_44392_ 14:00, 14:00,15-Jul,15/7/2021 14:00,18.55,5.18,4.38,33.75,Off
90851_3_44392_ 14:00, 14:00,15-Jul,15/7/2021 14:00,18.55,5.18,4.38,33.75,On
90851_3_44392_ 14:00, 14:00,15-Jul,15/7/2021 14:00,18.55,5.18,4.38,33.75,Off
90851_3_44392_ 15:00, 15:00,15-Jul,15/7/2021 15:00,15.81,5.67,5.04,34.75,On
90851_3_44392_ 15:00, 15:00,15-Jul,15/7/2021 15:00,15.81,5.67,5.04,34.75,On
90851_3_44392_ 15:00, 15:00,15-Jul,15/7/2021 15:00,15.81,5.67,5.04,34.75,Off
90851_3_44392_ 15:00, 15:00,15-Jul,15/7/2021 15:00,15.81,5.67,5.04,34.75,On
90851_3_44392_ 15:00, 15:00,15-Jul,15/7/2021 15:00,15.81,5.67,5.04,34.75,Off
90851_3_44392_ 16:00, 16:00,15-Jul,15/7/2021 16:00,14.34,5.45,6.37,32.75,On
90851_3_44392_ 16:00, 16:00,15-Jul,15/7/2021 16:00,14.34,5.45,6.37,32.75,On
90851_3_44392_ 16:00, 16:00,15-Jul,15/7/2021 16:00,14.34,5.45,6.37,32.75,Off
90851_3_44392_ 16:00, 16:00,15-Jul,15/7/2021 16:00,14.34,5.45,6.37,32.75,On
90851_3_44392_ 16:00, 16:00,15-Jul,15/7/2021 16:00,14.34,5.45,6.37,32.75,Off
90851_3_44392_ 17:00, 17:00,15-Jul,15/7/2021 17:00,12.71,7.36,9.35,40,On
90851_3_44392_ 17:00, 17:00,15-Jul,15/7/2021 17:00,12.71,7.36,9.35,40,On
90851_3_44392_ 17:00, 17:00,15-Jul,15/7/2021 17:00,12.71,7.36,9.35,40,Off
90851_3_44392_ 17:00, 17:00,15-Jul,15/7/2021 17:00,12.71,7.36,9.35,40,Off
90851_3_44392_ 17:00, 17:00,15-Jul,15/7/2021 17:00,12.71,7.36,9.35,40,Off
90851_3_44392_ 18:00, 18:00,15-Jul,15/7/2021 18:00,11.07,8.05,8.31,38.25,On
90851_3_44392_ 18:00, 18:00,15-Jul,15/7/2021 18:00,11.07,8.05,8.31,38.25,On
90851_3_44392_ 18:00, 18:00,15-Jul,15/7/2021 18:00,11.07,8.05,8.31,38.25,Off
90851_3_44392_ 18:00, 18:00,15-Jul,15/7/2021 18:00,11.07,8.05,8.31,38.25,Off
90851_3_44392_ 18:00, 18:00,15-Jul,15/7/2021 18:00,11.07,8.05,8.31,38.25,Off
90851_3_44392_ 19:00, 19:00,15-Jul,15/7/2021 19:00,14.83,8.79,7.84,39.5,On
90851_3_44392_ 19:00, 19:00,15-Jul,15/7/2021 19:00,14.83,8.79,7.84,39.5,On
90851_3_44392_ 19:00, 19:00,15-Jul,15/7/2021 19:00,14.83,8.79,7.84,39.5,Off
90851_3_44392_ 19:00, 19:00,15-Jul,15/7/2021 19:00,14.83,8.79,7.84,39.5,Off
90851_3_44392_ 19:00, 19:00,15-Jul,15/7/2021 19:00,14.83,8.79,7.84,39.5,Off
90851_3_44392_ 20:00, 20:00,15-Jul,15/7/2021 20:00,17.18,7.22,6.23,36.5,On
90851_3_44392_ 20:00, 20:00,15-Jul,15/7/2021 20:00,17.18,7.22,6.23,36.5,On
90851_3_44392_ 20:00, 20:00,15-Jul,15/7/2021 20:00,17.18,7.22,6.23,36.5,Off
90851_3_44392_ 20:00, 20:00,15-Jul,15/7/2021 20:00,17.18,7.22,6.23,36.5,Off
90851_3_44392_ 20:00, 20:00,15-Jul,15/7/2021 20:00,17.18,7.22,6.23,36.5,Off
90851_3_44392_ 21:00, 21:00,15-Jul,15/7/2021 21:00,25.51,8.62,6.2,40.5,On
90851_3_44392_ 21:00, 21:00,15-Jul,15/7/2021 21:00,25.51,8.62,6.2,40.5,On
90851_3_44392_ 21:00, 21:00,15-Jul,15/7/2021 21:00,25.51,8.62,6.2,40.5,Off
90851_3_44392_ 21:00, 21:00,15-Jul,15/7/2021 21:00,25.51,8.62,6.2,40.5,On
90851_3_44392_ 21:00, 21:00,15-Jul,15/7/2021 21:00,25.51,8.62,6.2,40.5,Off
90851_3_44392_ 22:00, 22:00,15-Jul,15/7/2021 22:00,21.97,7.87,5.26,36.25,On
90851_3_44392_ 22:00, 22:00,15-Jul,15/7/2021 22:00,21.97,7.87,5.26,36.25,On
90851_3_44392_ 22:00, 22:00,15-Jul,15/7/2021 22:00,21.97,7.87,5.26,36.25,Off
90851_3_44392_ 22:00, 22:00,15-Jul,15/7/2021 22:00,21.97,7.87,5.26,36.25,Off
90851_3_44392_ 22:00, 22:00,15-Jul,15/7/2021 22:00,21.97,7.87,5.26,36.25,Off
90851_3_44392_ 23:00, 23:00,15-Jul,15/7/2021 23:00,20.24,5.35,1.17,24.5,On
90851_3_44392_ 23:00, 23:00,15-Jul,15/7/2021 23:00,20.24,5.35,1.17,24.5,On
90851_3_44392_ 23:00, 23:00,15-Jul,15/7/2021 23:00,20.24,5.35,1.17,24.5,Off
90851_3_44392_ 23:00, 23:00,15-Jul,15/7/2021 23:00,20.24,5.35,1.17,24.5,On
90851_3_44392_ 23:00, 23:00,15-Jul,15/7/2021 23:00,20.24,5.35,1.17,24.5,Off
90851_3_44393_ 00:00, 00:00,16-Jul,16/7/2021 00:00,13.45,4.62,0.18,15.75,On
90851_3_44393_ 00:00, 00:00,16-Jul,16/7/2021 00:00,13.45,4.62,0.18,15.75,On
90851_3_44393_ 00:00, 00:00,16-Jul,16/7/2021 00:00,13.45,4.62,0.18,15.75,Off
90851_3_44393_ 00:00, 00:00,16-Jul,16/7/2021 00:00,13.45,4.62,0.18,15.75,Off
90851_3_44393_ 00:00, 00:00,16-Jul,16/7/2021 00:00,13.45,4.62,0.18,15.75,Off
90851_3_44393_ 01:00, 01:00,16-Jul,16/7/2021 01:00,7.51,4.17,0.02,11.75,On
90851_3_44393_ 01:00, 01:00,16-Jul,16/7/2021 01:00,7.51,4.17,0.02,11.75,On
90851_3_44393_ 01:00, 01:00,16-Jul,16/7/2021 01:00,7.51,4.17,0.02,11.75,Off
90851_3_44393_ 01:00, 01:00,16-Jul,16/7/2021 01:00,7.51,4.17,0.02,11.75,Off
90851_3_44393_ 02:00, 02:00,16-Jul,16/7/2021 02:00,2.55,3.12,0.33,7,On
90851_3_44393_ 02:00, 02:00,16-Jul,16/7/2021 02:00,2.55,3.12,0.33,7,On
90851_3_44393_ 02:00, 02:00,16-Jul,16/7/2021 02:00,2.55,3.12,0.33,7,Off
90851_3_44393_ 02:00, 02:00,16-Jul,16/7/2021 02:00,2.55,3.12,0.33,7,Off
90851_3_44393_ 03:00, 03:00,16-Jul,16/7/2021 03:00,3.4,2.48,0.01,5.5,On
90851_3_44393_ 03:00, 03:00,16-Jul,16/7/2021 03:00,3.4,2.48,0.01,5.5,On
90851_3_44393_ 03:00, 03:00,16-Jul,16/7/2021 03:00,3.4,2.48,0.01,5.5,Off
90851_3_44393_ 03:00, 03:00,16-Jul,16/7/2021 03:00,3.4,2.48,0.01,5.5,Off
90851_3_44393_ 04:00, 04:00,16-Jul,16/7/2021 04:00,1.81,0.61,0.07,5.5,On
90851_3_44393_ 04:00, 04:00,16-Jul,16/7/2021 04:00,1.81,0.61,0.07,5.5,On
90851_3_44393_ 04:00, 04:00,16-Jul,16/7/2021 04:00,1.81,0.61,0.07,5.5,Off
90851_3_44393_ 04:00, 04:00,16-Jul,16/7/2021 04:00,1.81,0.61,0.07,5.5,Off
90851_3_44393_ 05:00, 05:00,16-Jul,16/7/2021 05:00,1.45,0.79,0.06,6.75,On
90851_3_44393_ 05:00, 05:00,16-Jul,16/7/2021 05:00,1.45,0.79,0.06,6.75,On
90851_3_44393_ 05:00, 05:00,16-Jul,16/7/2021 05:00,1.45,0.79,0.06,6.75,Off
90851_3_44393_ 05:00, 05:00,16-Jul,16/7/2021 05:00,1.45,0.79,0.06,6.75,Off
90851_3_44393_ 06:00, 06:00,16-Jul,16/7/2021 06:00,2.82,2.26,0.49,16.5,On
90851_3_44393_ 06:00, 06:00,16-Jul,16/7/2021 06:00,2.82,2.26,0.49,16.5,Off
90851_3_44393_ 06:00, 06:00,16-Jul,16/7/2021 06:00,2.82,2.26,0.49,16.5,Off
90851_3_44393_ 06:00, 06:00,16-Jul,16/7/2021 06:00,2.82,2.26,0.49,16.5,Off
90851_3_44393_ 07:00, 07:00,16-Jul,16/7/2021 07:00,6.23,7.45,0.83,19,On
90851_3_44393_ 07:00, 07:00,16-Jul,16/7/2021 07:00,6.23,7.45,0.83,19,Off
90851_3_44393_ 07:00, 07:00,16-Jul,16/7/2021 07:00,6.23,7.45,0.83,19,Off
90851_3_44393_ 07:00, 07:00,16-Jul,16/7/2021 07:00,6.23,7.45,0.83,19,Off
90851_3_44393_ 08:00, 08:00,16-Jul,16/7/2021 08:00,17.06,6.14,1.79,29.25,On
90851_3_44393_ 08:00, 08:00,16-Jul,16/7/2021 08:00,17.06,6.14,1.79,29.25,Off
90851_3_44393_ 08:00, 08:00,16-Jul,16/7/2021 08:00,17.06,6.14,1.79,29.25,On
90851_3_44393_ 08:00, 08:00,16-Jul,16/7/2021 08:00,17.06,6.14,1.79,29.25,Off
90851_3_44393_ 09:00, 09:00,16-Jul,16/7/2021 09:00,12.73,5.41,2.59,30.5,On
90851_3_44393_ 09:00, 09:00,16-Jul,16/7/2021 09:00,12.73,5.41,2.59,30.5,Off
90851_3_44393_ 09:00, 09:00,16-Jul,16/7/2021 09:00,12.73,5.41,2.59,30.5,On
90851_3_44393_ 09:00, 09:00,16-Jul,16/7/2021 09:00,12.73,5.41,2.59,30.5,Off
90851_3_44393_ 10:00, 10:00,16-Jul,16/7/2021 10:00,13.69,6.55,3.62,33,On
90851_3_44393_ 10:00, 10:00,16-Jul,16/7/2021 10:00,13.69,6.55,3.62,33,Off
90851_3_44393_ 10:00, 10:00,16-Jul,16/7/2021 10:00,13.69,6.55,3.62,33,On
90851_3_44393_ 10:00, 10:00,16-Jul,16/7/2021 10:00,13.69,6.55,3.62,33,Off
90851_3_44393_ 11:00, 11:00,16-Jul,16/7/2021 11:00,16.12,7.71,5.36,37.75,On
90851_3_44393_ 11:00, 11:00,16-Jul,16/7/2021 11:00,16.12,7.71,5.36,37.75,Off
90851_3_44393_ 11:00, 11:00,16-Jul,16/7/2021 11:00,16.12,7.71,5.36,37.75,On
90851_3_44393_ 11:00, 11:00,16-Jul,16/7/2021 11:00,16.12,7.71,5.36,37.75,Off
90851_3_44393_ 12:00, 12:00,16-Jul,16/7/2021 12:00,12.52,5.07,3.76,33,On
90851_3_44393_ 12:00, 12:00,16-Jul,16/7/2021 12:00,12.52,5.07,3.76,33,Off
90851_3_44393_ 12:00, 12:00,16-Jul,16/7/2021 12:00,12.52,5.07,3.76,33,On
90851_3_44393_ 12:00, 12:00,16-Jul,16/7/2021 12:00,12.52,5.07,3.76,33,Off
90851_3_44393_ 13:00, 13:00,16-Jul,16/7/2021 13:00,24.47,7.45,5.47,40,On
90851_3_44393_ 13:00, 13:00,16-Jul,16/7/2021 13:00,24.47,7.45,5.47,40,Off
90851_3_44393_ 13:00, 13:00,16-Jul,16/7/2021 13:00,24.47,7.45,5.47,40,On
90851_3_44393_ 13:00, 13:00,16-Jul,16/7/2021 13:00,24.47,7.45,5.47,40,Off
90851_3_44393_ 14:00, 14:00,16-Jul,16/7/2021 14:00,17.21,6.63,4.43,36.75,On
90851_3_44393_ 14:00, 14:00,16-Jul,16/7/2021 14:00,17.21,6.63,4.43,36.75,Off
90851_3_44393_ 14:00, 14:00,16-Jul,16/7/2021 14:00,17.21,6.63,4.43,36.75,On
90851_3_44393_ 14:00, 14:00,16-Jul,16/7/2021 14:00,17.21,6.63,4.43,36.75,Off
90851_3_44393_ 15:00, 15:00,16-Jul,16/7/2021 15:00,11.04,4.01,4.23,29.75,On
90851_3_44393_ 15:00, 15:00,16-Jul,16/7/2021 15:00,11.04,4.01,4.23,29.75,Off
90851_3_44393_ 15:00, 15:00,16-Jul,16/7/2021 15:00,11.04,4.01,4.23,29.75,Off
90851_3_44393_ 15:00, 15:00,16-Jul,16/7/2021 15:00,11.04,4.01,4.23,29.75,Off
90851_3_44393_ 16:00, 16:00,16-Jul,16/7/2021 16:00,11.75,7.75,4.3,30.75,On
90851_3_44393_ 16:00, 16:00,16-Jul,16/7/2021 16:00,11.75,7.75,4.3,30.75,Off
90851_3_44393_ 16:00, 16:00,16-Jul,16/7/2021 16:00,11.75,7.75,4.3,30.75,On
90851_3_44393_ 16:00, 16:00,16-Jul,16/7/2021 16:00,11.75,7.75,4.3,30.75,Off
90851_3_44393_ 17:00, 17:00,16-Jul,16/7/2021 17:00,15.53,6.42,6.42,39.5,On
90851_3_44393_ 17:00, 17:00,16-Jul,16/7/2021 17:00,15.53,6.42,6.42,39.5,Off
90851_3_44393_ 17:00, 17:00,16-Jul,16/7/2021 17:00,15.53,6.42,6.42,39.5,On
90851_3_44393_ 17:00, 17:00,16-Jul,16/7/2021 17:00,15.53,6.42,6.42,39.5,Off
90851_3_44393_ 18:00, 18:00,16-Jul,16/7/2021 18:00,14.05,5.87,9.33,39.75,On
90851_3_44393_ 18:00, 18:00,16-Jul,16/7/2021 18:00,14.05,5.87,9.33,39.75,Off
90851_3_44393_ 18:00, 18:00,16-Jul,16/7/2021 18:00,14.05,5.87,9.33,39.75,On
90851_3_44393_ 18:00, 18:00,16-Jul,16/7/2021 18:00,14.05,5.87,9.33,39.75,Off
90851_3_44393_ 19:00, 19:00,16-Jul,16/7/2021 19:00,11.74,5.23,7.34,36.75,On
90851_3_44393_ 19:00, 19:00,16-Jul,16/7/2021 19:00,11.74,5.23,7.34,36.75,Off
90851_3_44393_ 19:00, 19:00,16-Jul,16/7/2021 19:00,11.74,5.23,7.34,36.75,Off
90851_3_44393_ 19:00, 19:00,16-Jul,16/7/2021 19:00,11.74,5.23,7.34,36.75,Off
90851_3_44393_ 20:00, 20:00,16-Jul,16/7/2021 20:00,15.85,10.7,5.32,32.75,On
90851_3_44393_ 20:00, 20:00,16-Jul,16/7/2021 20:00,15.85,10.7,5.32,32.75,Off
90851_3_44393_ 20:00, 20:00,16-Jul,16/7/2021 20:00,15.85,10.7,5.32,32.75,On
90851_3_44393_ 20:00, 20:00,16-Jul,16/7/2021 20:00,15.85,10.7,5.32,32.75,Off
90851_3_44393_ 21:00, 21:00,16-Jul,16/7/2021 21:00,17.88,8.21,3.88,36.75,On
90851_3_44393_ 21:00, 21:00,16-Jul,16/7/2021 21:00,17.88,8.21,3.88,36.75,Off
90851_3_44393_ 21:00, 21:00,16-Jul,16/7/2021 21:00,17.88,8.21,3.88,36.75,On
90851_3_44393_ 21:00, 21:00,16-Jul,16/7/2021 21:00,17.88,8.21,3.88,36.75,Off
90851_3_44393_ 22:00, 22:00,16-Jul,16/7/2021 22:00,16.8,5.05,2.53,32,On
90851_3_44393_ 22:00, 22:00,16-Jul,16/7/2021 22:00,16.8,5.05,2.53,32,Off
90851_3_44393_ 22:00, 22:00,16-Jul,16/7/2021 22:00,16.8,5.05,2.53,32,On
90851_3_44393_ 22:00, 22:00,16-Jul,16/7/2021 22:00,16.8,5.05,2.53,32,Off
90851_3_44393_ 23:00, 23:00,16-Jul,16/7/2021 23:00,20.52,6.53,1.56,26.75,On
90851_3_44393_ 23:00, 23:00,16-Jul,16/7/2021 23:00,20.52,6.53,1.56,26.75,Off
90851_3_44393_ 23:00, 23:00,16-Jul,16/7/2021 23:00,20.52,6.53,1.56,26.75,On
90851_3_44393_ 23:00, 23:00,16-Jul,16/7/2021 23:00,20.52,6.53,1.56,26.75,Off
90851_3_44394_ 00:00, 00:00,17-Jul,17/7/2021 00:00,11.28,2.99,0.08,17.5,On
90851_3_44394_ 00:00, 00:00,17-Jul,17/7/2021 00:00,11.28,2.99,0.08,17.5,Off
90851_3_44394_ 00:00, 00:00,17-Jul,17/7/2021 00:00,11.28,2.99,0.08,17.5,On
90851_3_44394_ 00:00, 00:00,17-Jul,17/7/2021 00:00,11.28,2.99,0.08,17.5,Off
90851_3_44394_ 01:00, 01:00,17-Jul,17/7/2021 01:00,9.89,1.82,0.03,12,On
90851_3_44394_ 01:00, 01:00,17-Jul,17/7/2021 01:00,9.89,1.82,0.03,12,Off
90851_3_44394_ 01:00, 01:00,17-Jul,17/7/2021 01:00,9.89,1.82,0.03,12,On
90851_3_44394_ 01:00, 01:00,17-Jul,17/7/2021 01:00,9.89,1.82,0.03,12,Off
90851_3_44394_ 02:00, 02:00,17-Jul,17/7/2021 02:00,5.09,2.57,0.02,11.75,On
90851_3_44394_ 02:00, 02:00,17-Jul,17/7/2021 02:00,5.09,2.57,0.02,11.75,Off
90851_3_44394_ 02:00, 02:00,17-Jul,17/7/2021 02:00,5.09,2.57,0.02,11.75,Off
90851_3_44394_ 02:00, 02:00,17-Jul,17/7/2021 02:00,5.09,2.57,0.02,11.75,Off
90851_3_44394_ 03:00, 03:00,17-Jul,17/7/2021 03:00,3.73,8.92,0,9.25,On
90851_3_44394_ 03:00, 03:00,17-Jul,17/7/2021 03:00,3.73,8.92,0,9.25,Off
90851_3_44394_ 03:00, 03:00,17-Jul,17/7/2021 03:00,3.73,8.92,0,9.25,Off
90851_3_44394_ 03:00, 03:00,17-Jul,17/7/2021 03:00,3.73,8.92,0,9.25,Off
90851_3_44394_ 04:00, 04:00,17-Jul,17/7/2021 04:00,1.36,0.72,0.43,8.5,On
90851_3_44394_ 04:00, 04:00,17-Jul,17/7/2021 04:00,1.36,0.72,0.43,8.5,Off
90851_3_44394_ 04:00, 04:00,17-Jul,17/7/2021 04:00,1.36,0.72,0.43,8.5,Off
90851_3_44394_ 04:00, 04:00,17-Jul,17/7/2021 04:00,1.36,0.72,0.43,8.5,Off
90851_3_44394_ 05:00, 05:00,17-Jul,17/7/2021 05:00,1.94,1.59,0.11,10,On
90851_3_44394_ 05:00, 05:00,17-Jul,17/7/2021 05:00,1.94,1.59,0.11,10,Off
90851_3_44394_ 05:00, 05:00,17-Jul,17/7/2021 05:00,1.94,1.59,0.11,10,Off
90851_3_44394_ 05:00, 05:00,17-Jul,17/7/2021 05:00,1.94,1.59,0.11,10,Off
90851_3_44394_ 06:00, 06:00,17-Jul,17/7/2021 06:00,3.39,2.37,0.61,16.5,On
90851_3_44394_ 06:00, 06:00,17-Jul,17/7/2021 06:00,3.39,2.37,0.61,16.5,Off
90851_3_44394_ 06:00, 06:00,17-Jul,17/7/2021 06:00,3.39,2.37,0.61,16.5,Off
90851_3_44394_ 06:00, 06:00,17-Jul,17/7/2021 06:00,3.39,2.37,0.61,16.5,Off
90851_3_44394_ 07:00, 07:00,17-Jul,17/7/2021 07:00,4.94,3.11,1.01,19.25,On
90851_3_44394_ 07:00, 07:00,17-Jul,17/7/2021 07:00,4.94,3.11,1.01,19.25,Off
90851_3_44394_ 07:00, 07:00,17-Jul,17/7/2021 07:00,4.94,3.11,1.01,19.25,Off
90851_3_44394_ 07:00, 07:00,17-Jul,17/7/2021 07:00,4.94,3.11,1.01,19.25,Off
90851_3_44394_ 08:00, 08:00,17-Jul,17/7/2021 08:00,10.35,4.72,2.68,23.5,On
90851_3_44394_ 08:00, 08:00,17-Jul,17/7/2021 08:00,10.35,4.72,2.68,23.5,Off
90851_3_44394_ 08:00, 08:00,17-Jul,17/7/2021 08:00,10.35,4.72,2.68,23.5,On
90851_3_44394_ 08:00, 08:00,17-Jul,17/7/2021 08:00,10.35,4.72,2.68,23.5,Off
90851_3_44394_ 09:00, 09:00,17-Jul,17/7/2021 09:00,10.49,7.42,2.63,26.5,On
90851_3_44394_ 09:00, 09:00,17-Jul,17/7/2021 09:00,10.49,7.42,2.63,26.5,Off
90851_3_44394_ 09:00, 09:00,17-Jul,17/7/2021 09:00,10.49,7.42,2.63,26.5,Off
90851_3_44394_ 09:00, 09:00,17-Jul,17/7/2021 09:00,10.49,7.42,2.63,26.5,Off
90851_3_44394_ 10:00, 10:00,17-Jul,17/7/2021 10:00,10.76,8.43,5.35,30.5,On
90851_3_44394_ 10:00, 10:00,17-Jul,17/7/2021 10:00,10.76,8.43,5.35,30.5,Off
90851_3_44394_ 10:00, 10:00,17-Jul,17/7/2021 10:00,10.76,8.43,5.35,30.5,Off
90851_3_44394_ 10:00, 10:00,17-Jul,17/7/2021 10:00,10.76,8.43,5.35,30.5,Off
90851_3_44394_ 11:00, 11:00,17-Jul,17/7/2021 11:00,10.39,5.71,5.92,34,On
90851_3_44394_ 11:00, 11:00,17-Jul,17/7/2021 11:00,10.39,5.71,5.92,34,Off
90851_3_44394_ 11:00, 11:00,17-Jul,17/7/2021 11:00,10.39,5.71,5.92,34,Off
90851_3_44394_ 11:00, 11:00,17-Jul,17/7/2021 11:00,10.39,5.71,5.92,34,Off
90851_3_44394_ 12:00, 12:00,17-Jul,17/7/2021 12:00,13.55,4.95,6.01,33.5,On
90851_3_44394_ 12:00, 12:00,17-Jul,17/7/2021 12:00,13.55,4.95,6.01,33.5,Off
90851_3_44394_ 12:00, 12:00,17-Jul,17/7/2021 12:00,13.55,4.95,6.01,33.5,Off
90851_3_44394_ 12:00, 12:00,17-Jul,17/7/2021 12:00,13.55,4.95,6.01,33.5,Off
90851_3_44394_ 13:00, 13:00,17-Jul,17/7/2021 13:00,20.94,6.51,3.82,33.5,On
90851_3_44394_ 13:00, 13:00,17-Jul,17/7/2021 13:00,20.94,6.51,3.82,33.5,Off
90851_3_44394_ 13:00, 13:00,17-Jul,17/7/2021 13:00,20.94,6.51,3.82,33.5,On
90851_3_44394_ 13:00, 13:00,17-Jul,17/7/2021 13:00,20.94,6.51,3.82,33.5,Off
90851_3_44394_ 14:00, 14:00,17-Jul,17/7/2021 14:00,15.27,6.53,3.87,30.75,On
90851_3_44394_ 14:00, 14:00,17-Jul,17/7/2021 14:00,15.27,6.53,3.87,30.75,Off
90851_3_44394_ 14:00, 14:00,17-Jul,17/7/2021 14:00,15.27,6.53,3.87,30.75,On
90851_3_44394_ 14:00, 14:00,17-Jul,17/7/2021 14:00,15.27,6.53,3.87,30.75,Off
90851_3_44394_ 15:00, 15:00,17-Jul,17/7/2021 15:00,16.85,6.85,3.5,30.75,On
90851_3_44394_ 15:00, 15:00,17-Jul,17/7/2021 15:00,16.85,6.85,3.5,30.75,Off
90851_3_44394_ 15:00, 15:00,17-Jul,17/7/2021 15:00,16.85,6.85,3.5,30.75,On
90851_3_44394_ 15:00, 15:00,17-Jul,17/7/2021 15:00,16.85,6.85,3.5,30.75,Off
90851_3_44394_ 16:00, 16:00,17-Jul,17/7/2021 16:00,10.94,6.63,4.15,29.75,On
90851_3_44394_ 16:00, 16:00,17-Jul,17/7/2021 16:00,10.94,6.63,4.15,29.75,Off
90851_3_44394_ 16:00, 16:00,17-Jul,17/7/2021 16:00,10.94,6.63,4.15,29.75,On
90851_3_44394_ 16:00, 16:00,17-Jul,17/7/2021 16:00,10.94,6.63,4.15,29.75,Off
90851_3_44394_ 17:00, 17:00,17-Jul,17/7/2021 17:00,13.98,5.25,6.7,36.25,On
90851_3_44394_ 17:00, 17:00,17-Jul,17/7/2021 17:00,13.98,5.25,6.7,36.25,Off
90851_3_44394_ 17:00, 17:00,17-Jul,17/7/2021 17:00,13.98,5.25,6.7,36.25,On
90851_3_44394_ 17:00, 17:00,17-Jul,17/7/2021 17:00,13.98,5.25,6.7,36.25,Off
90851_3_44394_ 18:00, 18:00,17-Jul,17/7/2021 18:00,13.73,7.32,9.19,42.75,On
90851_3_44394_ 18:00, 18:00,17-Jul,17/7/2021 18:00,13.73,7.32,9.19,42.75,Off
90851_3_44394_ 18:00, 18:00,17-Jul,17/7/2021 18:00,13.73,7.32,9.19,42.75,On
90851_3_44394_ 18:00, 18:00,17-Jul,17/7/2021 18:00,13.73,7.32,9.19,42.75,Off
90851_3_44394_ 19:00, 19:00,17-Jul,17/7/2021 19:00,12.76,6.37,8.96,44,On
90851_3_44394_ 19:00, 19:00,17-Jul,17/7/2021 19:00,12.76,6.37,8.96,44,Off
90851_3_44394_ 19:00, 19:00,17-Jul,17/7/2021 19:00,12.76,6.37,8.96,44,On
90851_3_44394_ 19:00, 19:00,17-Jul,17/7/2021 19:00,12.76,6.37,8.96,44,Off
90851_3_44394_ 20:00, 20:00,17-Jul,17/7/2021 20:00,11.36,5.82,5.3,47.75,On
90851_3_44394_ 20:00, 20:00,17-Jul,17/7/2021 20:00,11.36,5.82,5.3,47.75,On
90851_3_44394_ 20:00, 20:00,17-Jul,17/7/2021 20:00,11.36,5.82,5.3,47.75,Off
90851_3_44394_ 20:00, 20:00,17-Jul,17/7/2021 20:00,11.36,5.82,5.3,47.75,Off
90851_3_44394_ 20:00, 20:00,17-Jul,17/7/2021 20:00,11.36,5.82,5.3,47.75,Off
90851_3_44394_ 21:00, 21:00,17-Jul,17/7/2021 21:00,29.54,14.28,9.07,53.75,On
90851_3_44394_ 21:00, 21:00,17-Jul,17/7/2021 21:00,29.54,14.28,9.07,53.75,On
90851_3_44394_ 21:00, 21:00,17-Jul,17/7/2021 21:00,29.54,14.28,9.07,53.75,Off
90851_3_44394_ 21:00, 21:00,17-Jul,17/7/2021 21:00,29.54,14.28,9.07,53.75,On
90851_3_44394_ 21:00, 21:00,17-Jul,17/7/2021 21:00,29.54,14.28,9.07,53.75,Off
90851_3_44394_ 22:00, 22:00,17-Jul,17/7/2021 22:00,37.18,12.19,4.83,45.75,On
90851_3_44394_ 22:00, 22:00,17-Jul,17/7/2021 22:00,37.18,12.19,4.83,45.75,On
90851_3_44394_ 22:00, 22:00,17-Jul,17/7/2021 22:00,37.18,12.19,4.83,45.75,Off
90851_3_44394_ 22:00, 22:00,17-Jul,17/7/2021 22:00,37.18,12.19,4.83,45.75,On
90851_3_44394_ 22:00, 22:00,17-Jul,17/7/2021 22:00,37.18,12.19,4.83,45.75,Off
90851_3_44394_ 23:00, 23:00,17-Jul,17/7/2021 23:00,45.67,10.74,2.82,39,On
90851_3_44394_ 23:00, 23:00,17-Jul,17/7/2021 23:00,45.67,10.74,2.82,39,On
90851_3_44394_ 23:00, 23:00,17-Jul,17/7/2021 23:00,45.67,10.74,2.82,39,Off
90851_3_44394_ 23:00, 23:00,17-Jul,17/7/2021 23:00,45.67,10.74,2.82,39,On
90851_3_44394_ 23:00, 23:00,17-Jul,17/7/2021 23:00,45.67,10.74,2.82,39,Off
90851_3_44395_ 00:00, 00:00,18-Jul,18/7/2021 00:00,25.1,5.81,0.33,24,On
90851_3_44395_ 00:00, 00:00,18-Jul,18/7/2021 00:00,25.1,5.81,0.33,24,On
90851_3_44395_ 00:00, 00:00,18-Jul,18/7/2021 00:00,25.1,5.81,0.33,24,Off
90851_3_44395_ 00:00, 00:00,18-Jul,18/7/2021 00:00,25.1,5.81,0.33,24,On
90851_3_44395_ 00:00, 00:00,18-Jul,18/7/2021 00:00,25.1,5.81,0.33,24,Off
90851_3_44395_ 01:00, 01:00,18-Jul,18/7/2021 01:00,16.03,3.05,0.41,16,On
90851_3_44395_ 01:00, 01:00,18-Jul,18/7/2021 01:00,16.03,3.05,0.41,16,On
90851_3_44395_ 01:00, 01:00,18-Jul,18/7/2021 01:00,16.03,3.05,0.41,16,Off
90851_3_44395_ 01:00, 01:00,18-Jul,18/7/2021 01:00,16.03,3.05,0.41,16,On
90851_3_44395_ 02:00, 02:00,18-Jul,18/7/2021 02:00,8.52,2.29,0.41,11.5,On
90851_3_44395_ 02:00, 02:00,18-Jul,18/7/2021 02:00,8.52,2.29,0.41,11.5,On
90851_3_44395_ 02:00, 02:00,18-Jul,18/7/2021 02:00,8.52,2.29,0.41,11.5,Off
90851_3_44395_ 02:00, 02:00,18-Jul,18/7/2021 02:00,8.52,2.29,0.41,11.5,On
90851_3_44395_ 03:00, 03:00,18-Jul,18/7/2021 03:00,4.37,1.29,0.01,9.75,On
90851_3_44395_ 03:00, 03:00,18-Jul,18/7/2021 03:00,4.37,1.29,0.01,9.75,On
90851_3_44395_ 03:00, 03:00,18-Jul,18/7/2021 03:00,4.37,1.29,0.01,9.75,Off
90851_3_44395_ 03:00, 03:00,18-Jul,18/7/2021 03:00,4.37,1.29,0.01,9.75,Off
90851_3_44395_ 04:00, 04:00,18-Jul,18/7/2021 04:00,11.31,0.72,0.04,9,On
90851_3_44395_ 04:00, 04:00,18-Jul,18/7/2021 04:00,11.31,0.72,0.04,9,On
90851_3_44395_ 04:00, 04:00,18-Jul,18/7/2021 04:00,11.31,0.72,0.04,9,Off
90851_3_44395_ 04:00, 04:00,18-Jul,18/7/2021 04:00,11.31,0.72,0.04,9,Off
90851_3_44395_ 05:00, 05:00,18-Jul,18/7/2021 05:00,2.58,5.5,0.19,8.75,On
90851_3_44395_ 05:00, 05:00,18-Jul,18/7/2021 05:00,2.58,5.5,0.19,8.75,On
90851_3_44395_ 05:00, 05:00,18-Jul,18/7/2021 05:00,2.58,5.5,0.19,8.75,Off
90851_3_44395_ 05:00, 05:00,18-Jul,18/7/2021 05:00,2.58,5.5,0.19,8.75,Off
90851_3_44395_ 06:00, 06:00,18-Jul,18/7/2021 06:00,1.73,3.67,0.26,14.5,On
90851_3_44395_ 06:00, 06:00,18-Jul,18/7/2021 06:00,1.73,3.67,0.26,14.5,Off
90851_3_44395_ 06:00, 06:00,18-Jul,18/7/2021 06:00,1.73,3.67,0.26,14.5,Off
90851_3_44395_ 06:00, 06:00,18-Jul,18/7/2021 06:00,1.73,3.67,0.26,14.5,Off
90851_3_44395_ 07:00, 07:00,18-Jul,18/7/2021 07:00,7.69,9.32,1.49,20,On
90851_3_44395_ 07:00, 07:00,18-Jul,18/7/2021 07:00,7.69,9.32,1.49,20,Off
90851_3_44395_ 07:00, 07:00,18-Jul,18/7/2021 07:00,7.69,9.32,1.49,20,Off
90851_3_44395_ 07:00, 07:00,18-Jul,18/7/2021 07:00,7.69,9.32,1.49,20,Off
90851_3_44395_ 08:00, 08:00,18-Jul,18/7/2021 08:00,7.8,4.14,1.84,21.5,On
90851_3_44395_ 08:00, 08:00,18-Jul,18/7/2021 08:00,7.8,4.14,1.84,21.5,Off
90851_3_44395_ 08:00, 08:00,18-Jul,18/7/2021 08:00,7.8,4.14,1.84,21.5,Off
90851_3_44395_ 08:00, 08:00,18-Jul,18/7/2021 08:00,7.8,4.14,1.84,21.5,Off
90851_3_44395_ 09:00, 09:00,18-Jul,18/7/2021 09:00,9.49,4.46,2.6,24.5,On
90851_3_44395_ 09:00, 09:00,18-Jul,18/7/2021 09:00,9.49,4.46,2.6,24.5,Off
90851_3_44395_ 09:00, 09:00,18-Jul,18/7/2021 09:00,9.49,4.46,2.6,24.5,Off
90851_3_44395_ 09:00, 09:00,18-Jul,18/7/2021 09:00,9.49,4.46,2.6,24.5,Off
90851_3_44395_ 10:00, 10:00,18-Jul,18/7/2021 10:00,12.12,5.64,5.18,29.25,On
90851_3_44395_ 10:00, 10:00,18-Jul,18/7/2021 10:00,12.12,5.64,5.18,29.25,Off
90851_3_44395_ 10:00, 10:00,18-Jul,18/7/2021 10:00,12.12,5.64,5.18,29.25,Off
90851_3_44395_ 10:00, 10:00,18-Jul,18/7/2021 10:00,12.12,5.64,5.18,29.25,Off
90851_3_44395_ 11:00, 11:00,18-Jul,18/7/2021 11:00,16.52,6.62,5.41,33.5,On
90851_3_44395_ 11:00, 11:00,18-Jul,18/7/2021 11:00,16.52,6.62,5.41,33.5,Off
90851_3_44395_ 11:00, 11:00,18-Jul,18/7/2021 11:00,16.52,6.62,5.41,33.5,On
90851_3_44395_ 11:00, 11:00,18-Jul,18/7/2021 11:00,16.52,6.62,5.41,33.5,Off
90851_3_44395_ 12:00, 12:00,18-Jul,18/7/2021 12:00,11.58,6.4,3.87,43,On
90851_3_44395_ 12:00, 12:00,18-Jul,18/7/2021 12:00,11.58,6.4,3.87,43,On
90851_3_44395_ 12:00, 12:00,18-Jul,18/7/2021 12:00,11.58,6.4,3.87,43,Off
90851_3_44395_ 12:00, 12:00,18-Jul,18/7/2021 12:00,11.58,6.4,3.87,43,On
90851_3_44395_ 12:00, 12:00,18-Jul,18/7/2021 12:00,11.58,6.4,3.87,43,Off
90851_3_44395_ 13:00, 13:00,18-Jul,18/7/2021 13:00,32.07,10.75,8.06,45.75,On
90851_3_44395_ 13:00, 13:00,18-Jul,18/7/2021 13:00,32.07,10.75,8.06,45.75,On
90851_3_44395_ 13:00, 13:00,18-Jul,18/7/2021 13:00,32.07,10.75,8.06,45.75,Off
90851_3_44395_ 13:00, 13:00,18-Jul,18/7/2021 13:00,32.07,10.75,8.06,45.75,On
90851_3_44395_ 13:00, 13:00,18-Jul,18/7/2021 13:00,32.07,10.75,8.06,45.75,On
90851_3_44395_ 14:00, 14:00,18-Jul,18/7/2021 14:00,20.51,8.86,7.64,41.75,On
90851_3_44395_ 14:00, 14:00,18-Jul,18/7/2021 14:00,20.51,8.86,7.64,41.75,On
90851_3_44395_ 14:00, 14:00,18-Jul,18/7/2021 14:00,20.51,8.86,7.64,41.75,Off
90851_3_44395_ 14:00, 14:00,18-Jul,18/7/2021 14:00,20.51,8.86,7.64,41.75,On
90851_3_44395_ 14:00, 14:00,18-Jul,18/7/2021 14:00,20.51,8.86,7.64,41.75,Off
90851_3_44395_ 15:00, 15:00,18-Jul,18/7/2021 15:00,24.48,10.57,5.69,42.25,On
90851_3_44395_ 15:00, 15:00,18-Jul,18/7/2021 15:00,24.48,10.57,5.69,42.25,On
90851_3_44395_ 15:00, 15:00,18-Jul,18/7/2021 15:00,24.48,10.57,5.69,42.25,Off
90851_3_44395_ 15:00, 15:00,18-Jul,18/7/2021 15:00,24.48,10.57,5.69,42.25,On
90851_3_44395_ 15:00, 15:00,18-Jul,18/7/2021 15:00,24.48,10.57,5.69,42.25,Off
90851_3_44395_ 16:00, 16:00,18-Jul,18/7/2021 16:00,22.65,6.85,3.5,37.25,On
90851_3_44395_ 16:00, 16:00,18-Jul,18/7/2021 16:00,22.65,6.85,3.5,37.25,On
90851_3_44395_ 16:00, 16:00,18-Jul,18/7/2021 16:00,22.65,6.85,3.5,37.25,Off
90851_3_44395_ 16:00, 16:00,18-Jul,18/7/2021 16:00,22.65,6.85,3.5,37.25,On
90851_3_44395_ 16:00, 16:00,18-Jul,18/7/2021 16:00,22.65,6.85,3.5,37.25,Off
90851_3_44395_ 17:00, 17:00,18-Jul,18/7/2021 17:00,18.8,6.18,6.69,39.5,On
90851_3_44395_ 17:00, 17:00,18-Jul,18/7/2021 17:00,18.8,6.18,6.69,39.5,On
90851_3_44395_ 17:00, 17:00,18-Jul,18/7/2021 17:00,18.8,6.18,6.69,39.5,Off
90851_3_44395_ 17:00, 17:00,18-Jul,18/7/2021 17:00,18.8,6.18,6.69,39.5,On
90851_3_44395_ 17:00, 17:00,18-Jul,18/7/2021 17:00,18.8,6.18,6.69,39.5,Off
90851_3_44395_ 18:00, 18:00,18-Jul,18/7/2021 18:00,23.39,9.46,9.16,47.5,On
90851_3_44395_ 18:00, 18:00,18-Jul,18/7/2021 18:00,23.39,9.46,9.16,47.5,On
90851_3_44395_ 18:00, 18:00,18-Jul,18/7/2021 18:00,23.39,9.46,9.16,47.5,Off
90851_3_44395_ 18:00, 18:00,18-Jul,18/7/2021 18:00,23.39,9.46,9.16,47.5,On
90851_3_44395_ 18:00, 18:00,18-Jul,18/7/2021 18:00,23.39,9.46,9.16,47.5,Off
90851_3_44395_ 19:00, 19:00,18-Jul,18/7/2021 19:00,26.12,8.79,8.56,51.25,On
90851_3_44395_ 19:00, 19:00,18-Jul,18/7/2021 19:00,26.12,8.79,8.56,51.25,On
90851_3_44395_ 19:00, 19:00,18-Jul,18/7/2021 19:00,26.12,8.79,8.56,51.25,Off
90851_3_44395_ 19:00, 19:00,18-Jul,18/7/2021 19:00,26.12,8.79,8.56,51.25,On
90851_3_44395_ 19:00, 19:00,18-Jul,18/7/2021 19:00,26.12,8.79,8.56,51.25,Off
90851_3_44395_ 20:00, 20:00,18-Jul,18/7/2021 20:00,27.19,9.38,5.98,42.75,On
90851_3_44395_ 20:00, 20:00,18-Jul,18/7/2021 20:00,27.19,9.38,5.98,42.75,On
90851_3_44395_ 20:00, 20:00,18-Jul,18/7/2021 20:00,27.19,9.38,5.98,42.75,Off
90851_3_44395_ 20:00, 20:00,18-Jul,18/7/2021 20:00,27.19,9.38,5.98,42.75,On
90851_3_44395_ 20:00, 20:00,18-Jul,18/7/2021 20:00,27.19,9.38,5.98,42.75,Off
90851_3_44395_ 21:00, 21:00,18-Jul,18/7/2021 21:00,21.3,7.25,3.94,40.75,On
90851_3_44395_ 21:00, 21:00,18-Jul,18/7/2021 21:00,21.3,7.25,3.94,40.75,On
90851_3_44395_ 21:00, 21:00,18-Jul,18/7/2021 21:00,21.3,7.25,3.94,40.75,Off
90851_3_44395_ 21:00, 21:00,18-Jul,18/7/2021 21:00,21.3,7.25,3.94,40.75,Off
90851_3_44395_ 21:00, 21:00,18-Jul,18/7/2021 21:00,21.3,7.25,3.94,40.75,Off
90851_3_44395_ 22:00, 22:00,18-Jul,18/7/2021 22:00,25.56,6.12,1.63,34,On
90851_3_44395_ 22:00, 22:00,18-Jul,18/7/2021 22:00,25.56,6.12,1.63,34,On
90851_3_44395_ 22:00, 22:00,18-Jul,18/7/2021 22:00,25.56,6.12,1.63,34,Off
90851_3_44395_ 22:00, 22:00,18-Jul,18/7/2021 22:00,25.56,6.12,1.63,34,Off
90851_3_44395_ 22:00, 22:00,18-Jul,18/7/2021 22:00,25.56,6.12,1.63,34,Off
90851_3_44395_ 23:00, 23:00,18-Jul,18/7/2021 23:00,18.43,3.67,0.57,26.67,On
90851_3_44395_ 23:00, 23:00,18-Jul,18/7/2021 23:00,18.43,3.67,0.57,26.67,On
90851_3_44395_ 23:00, 23:00,18-Jul,18/7/2021 23:00,18.43,3.67,0.57,26.67,Off
90851_3_44395_ 23:00, 23:00,18-Jul,18/7/2021 23:00,18.43,3.67,0.57,26.67,On
90851_3_44395_ 23:00, 23:00,18-Jul,18/7/2021 23:00,18.43,3.67,0.57,26.67,Off
90851_3_44396_ 00:00, 00:00,19-Jul,19/7/2021 00:00,17.52,2.48,0.11,19.75,On
90851_3_44396_ 00:00, 00:00,19-Jul,19/7/2021 00:00,17.52,2.48,0.11,19.75,On
90851_3_44396_ 00:00, 00:00,19-Jul,19/7/2021 00:00,17.52,2.48,0.11,19.75,Off
90851_3_44396_ 00:00, 00:00,19-Jul,19/7/2021 00:00,17.52,2.48,0.11,19.75,Off
90851_3_44396_ 00:00, 00:00,19-Jul,19/7/2021 00:00,17.52,2.48,0.11,19.75,Off
90851_3_44396_ 01:00, 01:00,19-Jul,19/7/2021 01:00,7.64,1.87,1.22,12.25,On
90851_3_44396_ 01:00, 01:00,19-Jul,19/7/2021 01:00,7.64,1.87,1.22,12.25,On
90851_3_44396_ 01:00, 01:00,19-Jul,19/7/2021 01:00,7.64,1.87,1.22,12.25,Off
90851_3_44396_ 01:00, 01:00,19-Jul,19/7/2021 01:00,7.64,1.87,1.22,12.25,Off
90851_3_44396_ 02:00, 02:00,19-Jul,19/7/2021 02:00,6.7,5.19,1.14,9.75,On
90851_3_44396_ 02:00, 02:00,19-Jul,19/7/2021 02:00,6.7,5.19,1.14,9.75,On
90851_3_44396_ 02:00, 02:00,19-Jul,19/7/2021 02:00,6.7,5.19,1.14,9.75,Off
90851_3_44396_ 02:00, 02:00,19-Jul,19/7/2021 02:00,6.7,5.19,1.14,9.75,Off
90851_3_44396_ 03:00, 03:00,19-Jul,19/7/2021 03:00,2.09,8.15,0.49,6.75,On
90851_3_44396_ 03:00, 03:00,19-Jul,19/7/2021 03:00,2.09,8.15,0.49,6.75,On
90851_3_44396_ 03:00, 03:00,19-Jul,19/7/2021 03:00,2.09,8.15,0.49,6.75,Off
90851_3_44396_ 03:00, 03:00,19-Jul,19/7/2021 03:00,2.09,8.15,0.49,6.75,Off
90851_3_44396_ 04:00, 04:00,19-Jul,19/7/2021 04:00,2.09,2,0.04,5.25,On
90851_3_44396_ 04:00, 04:00,19-Jul,19/7/2021 04:00,2.09,2,0.04,5.25,On
90851_3_44396_ 04:00, 04:00,19-Jul,19/7/2021 04:00,2.09,2,0.04,5.25,Off
90851_3_44396_ 04:00, 04:00,19-Jul,19/7/2021 04:00,2.09,2,0.04,5.25,Off
90851_3_44396_ 05:00, 05:00,19-Jul,19/7/2021 05:00,2.06,3.55,0.12,7.5,On
90851_3_44396_ 05:00, 05:00,19-Jul,19/7/2021 05:00,2.06,3.55,0.12,7.5,On
90851_3_44396_ 05:00, 05:00,19-Jul,19/7/2021 05:00,2.06,3.55,0.12,7.5,Off
90851_3_44396_ 05:00, 05:00,19-Jul,19/7/2021 05:00,2.06,3.55,0.12,7.5,Off
90851_3_44396_ 06:00, 06:00,19-Jul,19/7/2021 06:00,4.15,1.65,0.16,16.25,On
90851_3_44396_ 06:00, 06:00,19-Jul,19/7/2021 06:00,4.15,1.65,0.16,16.25,On
90851_3_44396_ 06:00, 06:00,19-Jul,19/7/2021 06:00,4.15,1.65,0.16,16.25,Off
90851_3_44396_ 06:00, 06:00,19-Jul,19/7/2021 06:00,4.15,1.65,0.16,16.25,Off
90851_3_44396_ 06:00, 06:00,19-Jul,19/7/2021 06:00,4.15,1.65,0.16,16.25,Off
90851_3_44396_ 07:00, 07:00,19-Jul,19/7/2021 07:00,8.6,4.16,0.72,20.5,On
90851_3_44396_ 07:00, 07:00,19-Jul,19/7/2021 07:00,8.6,4.16,0.72,20.5,On
90851_3_44396_ 07:00, 07:00,19-Jul,19/7/2021 07:00,8.6,4.16,0.72,20.5,Off
90851_3_44396_ 07:00, 07:00,19-Jul,19/7/2021 07:00,8.6,4.16,0.72,20.5,Off
90851_3_44396_ 07:00, 07:00,19-Jul,19/7/2021 07:00,8.6,4.16,0.72,20.5,Off
90851_3_44396_ 08:00, 08:00,19-Jul,19/7/2021 08:00,15.95,5.78,1.96,26,On
90851_3_44396_ 08:00, 08:00,19-Jul,19/7/2021 08:00,15.95,5.78,1.96,26,On
90851_3_44396_ 08:00, 08:00,19-Jul,19/7/2021 08:00,15.95,5.78,1.96,26,Off
90851_3_44396_ 08:00, 08:00,19-Jul,19/7/2021 08:00,15.95,5.78,1.96,26,On
90851_3_44396_ 08:00, 08:00,19-Jul,19/7/2021 08:00,15.95,5.78,1.96,26,Off
90851_3_44396_ 09:00, 09:00,19-Jul,19/7/2021 09:00,21.9,8.07,4.61,36,On
90851_3_44396_ 09:00, 09:00,19-Jul,19/7/2021 09:00,21.9,8.07,4.61,36,On
90851_3_44396_ 09:00, 09:00,19-Jul,19/7/2021 09:00,21.9,8.07,4.61,36,Off
90851_3_44396_ 09:00, 09:00,19-Jul,19/7/2021 09:00,21.9,8.07,4.61,36,On
90851_3_44396_ 09:00, 09:00,19-Jul,19/7/2021 09:00,21.9,8.07,4.61,36,Off
90851_3_44396_ 10:00, 10:00,19-Jul,19/7/2021 10:00,20.22,13.11,6.46,39.5,On
90851_3_44396_ 10:00, 10:00,19-Jul,19/7/2021 10:00,20.22,13.11,6.46,39.5,On
90851_3_44396_ 10:00, 10:00,19-Jul,19/7/2021 10:00,20.22,13.11,6.46,39.5,Off
90851_3_44396_ 10:00, 10:00,19-Jul,19/7/2021 10:00,20.22,13.11,6.46,39.5,On
90851_3_44396_ 10:00, 10:00,19-Jul,19/7/2021 10:00,20.22,13.11,6.46,39.5,Off
90851_3_44396_ 11:00, 11:00,19-Jul,19/7/2021 11:00,24.77,11.62,7.22,39,On
90851_3_44396_ 11:00, 11:00,19-Jul,19/7/2021 11:00,24.77,11.62,7.22,39,On
90851_3_44396_ 11:00, 11:00,19-Jul,19/7/2021 11:00,24.77,11.62,7.22,39,Off
90851_3_44396_ 11:00, 11:00,19-Jul,19/7/2021 11:00,24.77,11.62,7.22,39,On
90851_3_44396_ 11:00, 11:00,19-Jul,19/7/2021 11:00,24.77,11.62,7.22,39,Off
90851_3_44396_ 12:00, 12:00,19-Jul,19/7/2021 12:00,22.08,9.06,8.85,42.75,On
90851_3_44396_ 12:00, 12:00,19-Jul,19/7/2021 12:00,22.08,9.06,8.85,42.75,On
90851_3_44396_ 12:00, 12:00,19-Jul,19/7/2021 12:00,22.08,9.06,8.85,42.75,Off
90851_3_44396_ 12:00, 12:00,19-Jul,19/7/2021 12:00,22.08,9.06,8.85,42.75,On
90851_3_44396_ 12:00, 12:00,19-Jul,19/7/2021 12:00,22.08,9.06,8.85,42.75,Off
90851_3_44396_ 13:00, 13:00,19-Jul,19/7/2021 13:00,23.4,8.69,6.54,43.75,On
90851_3_44396_ 13:00, 13:00,19-Jul,19/7/2021 13:00,23.4,8.69,6.54,43.75,On
90851_3_44396_ 13:00, 13:00,19-Jul,19/7/2021 13:00,23.4,8.69,6.54,43.75,Off
90851_3_44396_ 13:00, 13:00,19-Jul,19/7/2021 13:00,23.4,8.69,6.54,43.75,On
90851_3_44396_ 13:00, 13:00,19-Jul,19/7/2021 13:00,23.4,8.69,6.54,43.75,Off
90851_3_44396_ 14:00, 14:00,19-Jul,19/7/2021 14:00,21.41,8.79,5.92,39.75,On
90851_3_44396_ 14:00, 14:00,19-Jul,19/7/2021 14:00,21.41,8.79,5.92,39.75,On
90851_3_44396_ 14:00, 14:00,19-Jul,19/7/2021 14:00,21.41,8.79,5.92,39.75,Off
90851_3_44396_ 14:00, 14:00,19-Jul,19/7/2021 14:00,21.41,8.79,5.92,39.75,On
90851_3_44396_ 14:00, 14:00,19-Jul,19/7/2021 14:00,21.41,8.79,5.92,39.75,Off
90851_3_44396_ 15:00, 15:00,19-Jul,19/7/2021 15:00,17.02,7.24,4.78,32.25,On
90851_3_44396_ 15:00, 15:00,19-Jul,19/7/2021 15:00,17.02,7.24,4.78,32.25,On
90851_3_44396_ 15:00, 15:00,19-Jul,19/7/2021 15:00,17.02,7.24,4.78,32.25,Off
90851_3_44396_ 15:00, 15:00,19-Jul,19/7/2021 15:00,17.02,7.24,4.78,32.25,On
90851_3_44396_ 15:00, 15:00,19-Jul,19/7/2021 15:00,17.02,7.24,4.78,32.25,Off
90851_3_44396_ 16:00, 16:00,19-Jul,19/7/2021 16:00,16.67,10.23,7.37,38,On
90851_3_44396_ 16:00, 16:00,19-Jul,19/7/2021 16:00,16.67,10.23,7.37,38,On
90851_3_44396_ 16:00, 16:00,19-Jul,19/7/2021 16:00,16.67,10.23,7.37,38,Off
90851_3_44396_ 16:00, 16:00,19-Jul,19/7/2021 16:00,16.67,10.23,7.37,38,On
90851_3_44396_ 16:00, 16:00,19-Jul,19/7/2021 16:00,16.67,10.23,7.37,38,Off
90851_3_44396_ 17:00, 17:00,19-Jul,19/7/2021 17:00,16.43,9.23,10.24,44.25,On
90851_3_44396_ 17:00, 17:00,19-Jul,19/7/2021 17:00,16.43,9.23,10.24,44.25,On
90851_3_44396_ 17:00, 17:00,19-Jul,19/7/2021 17:00,16.43,9.23,10.24,44.25,Off
90851_3_44396_ 17:00, 17:00,19-Jul,19/7/2021 17:00,16.43,9.23,10.24,44.25,Off
90851_3_44396_ 17:00, 17:00,19-Jul,19/7/2021 17:00,16.43,9.23,10.24,44.25,Off
90851_3_44396_ 18:00, 18:00,19-Jul,19/7/2021 18:00,15.98,9.83,10.13,46.25,On
90851_3_44396_ 18:00, 18:00,19-Jul,19/7/2021 18:00,15.98,9.83,10.13,46.25,On
90851_3_44396_ 18:00, 18:00,19-Jul,19/7/2021 18:00,15.98,9.83,10.13,46.25,Off
90851_3_44396_ 18:00, 18:00,19-Jul,19/7/2021 18:00,15.98,9.83,10.13,46.25,Off
90851_3_44396_ 18:00, 18:00,19-Jul,19/7/2021 18:00,15.98,9.83,10.13,46.25,Off
90851_3_44396_ 19:00, 19:00,19-Jul,19/7/2021 19:00,16.5,14.06,10.58,41.5,On
90851_3_44396_ 19:00, 19:00,19-Jul,19/7/2021 19:00,16.5,14.06,10.58,41.5,On
90851_3_44396_ 19:00, 19:00,19-Jul,19/7/2021 19:00,16.5,14.06,10.58,41.5,Off
90851_3_44396_ 19:00, 19:00,19-Jul,19/7/2021 19:00,16.5,14.06,10.58,41.5,Off
90851_3_44396_ 19:00, 19:00,19-Jul,19/7/2021 19:00,16.5,14.06,10.58,41.5,Off
90851_3_44396_ 20:00, 20:00,19-Jul,19/7/2021 20:00,19.3,7.47,7.13,37.25,On
90851_3_44396_ 20:00, 20:00,19-Jul,19/7/2021 20:00,19.3,7.47,7.13,37.25,On
90851_3_44396_ 20:00, 20:00,19-Jul,19/7/2021 20:00,19.3,7.47,7.13,37.25,Off
90851_3_44396_ 20:00, 20:00,19-Jul,19/7/2021 20:00,19.3,7.47,7.13,37.25,On
90851_3_44396_ 20:00, 20:00,19-Jul,19/7/2021 20:00,19.3,7.47,7.13,37.25,Off
90851_3_44396_ 21:00, 21:00,19-Jul,19/7/2021 21:00,22.99,7.44,4.54,38.5,On
90851_3_44396_ 21:00, 21:00,19-Jul,19/7/2021 21:00,22.99,7.44,4.54,38.5,On
90851_3_44396_ 21:00, 21:00,19-Jul,19/7/2021 21:00,22.99,7.44,4.54,38.5,Off
90851_3_44396_ 21:00, 21:00,19-Jul,19/7/2021 21:00,22.99,7.44,4.54,38.5,On
90851_3_44396_ 21:00, 21:00,19-Jul,19/7/2021 21:00,22.99,7.44,4.54,38.5,Off
90851_3_44396_ 22:00, 22:00,19-Jul,19/7/2021 22:00,25.17,7.35,4.24,34.5,On
90851_3_44396_ 22:00, 22:00,19-Jul,19/7/2021 22:00,25.17,7.35,4.24,34.5,On
90851_3_44396_ 22:00, 22:00,19-Jul,19/7/2021 22:00,25.17,7.35,4.24,34.5,Off
90851_3_44396_ 22:00, 22:00,19-Jul,19/7/2021 22:00,25.17,7.35,4.24,34.5,On
90851_3_44396_ 22:00, 22:00,19-Jul,19/7/2021 22:00,25.17,7.35,4.24,34.5,Off
90851_3_44396_ 23:00, 23:00,19-Jul,19/7/2021 23:00,26.12,5.41,1.5,26.25,On
90851_3_44396_ 23:00, 23:00,19-Jul,19/7/2021 23:00,26.12,5.41,1.5,26.25,On
90851_3_44396_ 23:00, 23:00,19-Jul,19/7/2021 23:00,26.12,5.41,1.5,26.25,Off
90851_3_44396_ 23:00, 23:00,19-Jul,19/7/2021 23:00,26.12,5.41,1.5,26.25,On
90851_3_44396_ 23:00, 23:00,19-Jul,19/7/2021 23:00,26.12,5.41,1.5,26.25,Off
